solid OpenSCAD_Model
  facet normal -0.427955 0.9038 0
    outer loop
      vertex -91.0572 -80.7638 -1.5
      vertex -91.2346 -80.8478 1.5
      vertex -91.0572 -80.7638 1.5
    endloop
  endfacet
  facet normal -0.427955 0.9038 0
    outer loop
      vertex -91.2346 -80.8478 1.5
      vertex -91.0572 -80.7638 -1.5
      vertex -91.2346 -80.8478 -1.5
    endloop
  endfacet
  facet normal -0.989182 -0.146696 0
    outer loop
      vertex -90.0096 -78.804 -1.5
      vertex -90.0384 -78.6098 1.5
      vertex -90.0384 -78.6098 -1.5
    endloop
  endfacet
  facet normal -0.989182 -0.146696 0
    outer loop
      vertex -90.0384 -78.6098 1.5
      vertex -90.0096 -78.804 -1.5
      vertex -90.0096 -78.804 1.5
    endloop
  endfacet
  facet normal -0.998803 -0.0489209 0
    outer loop
      vertex -90 -79 -1.5
      vertex -90.0096 -78.804 1.5
      vertex -90.0096 -78.804 -1.5
    endloop
  endfacet
  facet normal -0.998803 -0.0489209 0
    outer loop
      vertex -90.0096 -78.804 1.5
      vertex -90 -79 -1.5
      vertex -90 -79 1.5
    endloop
  endfacet
  facet normal -0.970023 -0.243015 0
    outer loop
      vertex -90.0384 -78.6098 -1.5
      vertex -90.0861 -78.4194 1.5
      vertex -90.0861 -78.4194 -1.5
    endloop
  endfacet
  facet normal -0.970023 -0.243015 0
    outer loop
      vertex -90.0861 -78.4194 1.5
      vertex -90.0384 -78.6098 -1.5
      vertex -90.0384 -78.6098 1.5
    endloop
  endfacet
  facet normal 0.146696 -0.989182 0
    outer loop
      vertex -92.3902 -77.0384 -1.5
      vertex -92.196 -77.0096 1.5
      vertex -92.3902 -77.0384 1.5
    endloop
  endfacet
  facet normal 0.146696 -0.989182 0
    outer loop
      vertex -92.196 -77.0096 1.5
      vertex -92.3902 -77.0384 -1.5
      vertex -92.196 -77.0096 -1.5
    endloop
  endfacet
  facet normal -0.740908 -0.671607 0
    outer loop
      vertex -90.454 -77.7312 -1.5
      vertex -90.5858 -77.5858 1.5
      vertex -90.5858 -77.5858 -1.5
    endloop
  endfacet
  facet normal -0.740908 -0.671607 0
    outer loop
      vertex -90.5858 -77.5858 1.5
      vertex -90.454 -77.7312 -1.5
      vertex -90.454 -77.7312 1.5
    endloop
  endfacet
  facet normal 0.671607 0.740908 -0
    outer loop
      vertex -93.2688 -80.546 -1.5
      vertex -93.4142 -80.4142 1.5
      vertex -93.2688 -80.546 1.5
    endloop
  endfacet
  facet normal 0.671607 0.740908 0
    outer loop
      vertex -93.4142 -80.4142 1.5
      vertex -93.2688 -80.546 -1.5
      vertex -93.4142 -80.4142 -1.5
    endloop
  endfacet
  facet normal 0.243015 -0.970023 0
    outer loop
      vertex -92.5806 -77.0861 -1.5
      vertex -92.3902 -77.0384 1.5
      vertex -92.5806 -77.0861 1.5
    endloop
  endfacet
  facet normal 0.243015 -0.970023 0
    outer loop
      vertex -92.3902 -77.0384 1.5
      vertex -92.5806 -77.0861 -1.5
      vertex -92.3902 -77.0384 -1.5
    endloop
  endfacet
  facet normal -0.514196 0.857673 0
    outer loop
      vertex -90.8889 -80.6629 -1.5
      vertex -91.0572 -80.7638 1.5
      vertex -90.8889 -80.6629 1.5
    endloop
  endfacet
  facet normal -0.514196 0.857673 0
    outer loop
      vertex -91.0572 -80.7638 1.5
      vertex -90.8889 -80.6629 -1.5
      vertex -91.0572 -80.7638 -1.5
    endloop
  endfacet
  facet normal -0.146696 0.989182 0
    outer loop
      vertex -91.6098 -80.9616 -1.5
      vertex -91.804 -80.9904 1.5
      vertex -91.6098 -80.9616 1.5
    endloop
  endfacet
  facet normal -0.146696 0.989182 0
    outer loop
      vertex -91.804 -80.9904 1.5
      vertex -91.6098 -80.9616 -1.5
      vertex -91.804 -80.9904 -1.5
    endloop
  endfacet
  facet normal 0.514196 0.857673 -0
    outer loop
      vertex -92.9428 -80.7638 -1.5
      vertex -93.1111 -80.6629 1.5
      vertex -92.9428 -80.7638 1.5
    endloop
  endfacet
  facet normal 0.514196 0.857673 0
    outer loop
      vertex -93.1111 -80.6629 1.5
      vertex -92.9428 -80.7638 -1.5
      vertex -93.1111 -80.6629 -1.5
    endloop
  endfacet
  facet normal -0.9038 -0.427955 0
    outer loop
      vertex -90.1522 -78.2346 -1.5
      vertex -90.2362 -78.0572 1.5
      vertex -90.2362 -78.0572 -1.5
    endloop
  endfacet
  facet normal -0.9038 -0.427955 0
    outer loop
      vertex -90.2362 -78.0572 1.5
      vertex -90.1522 -78.2346 -1.5
      vertex -90.1522 -78.2346 1.5
    endloop
  endfacet
  facet normal -0.80335 0.595508 0
    outer loop
      vertex -90.454 -80.2688 -1.5
      vertex -90.3371 -80.1111 1.5
      vertex -90.3371 -80.1111 -1.5
    endloop
  endfacet
  facet normal -0.80335 0.595508 0
    outer loop
      vertex -90.3371 -80.1111 1.5
      vertex -90.454 -80.2688 -1.5
      vertex -90.454 -80.2688 1.5
    endloop
  endfacet
  facet normal -0.146696 -0.989182 0
    outer loop
      vertex -91.804 -77.0096 -1.5
      vertex -91.6098 -77.0384 1.5
      vertex -91.804 -77.0096 1.5
    endloop
  endfacet
  facet normal -0.146696 -0.989182 -0
    outer loop
      vertex -91.6098 -77.0384 1.5
      vertex -91.804 -77.0096 -1.5
      vertex -91.6098 -77.0384 -1.5
    endloop
  endfacet
  facet normal -0.595508 -0.80335 0
    outer loop
      vertex -90.8889 -77.3371 -1.5
      vertex -90.7312 -77.454 1.5
      vertex -90.8889 -77.3371 1.5
    endloop
  endfacet
  facet normal -0.595508 -0.80335 -0
    outer loop
      vertex -90.7312 -77.454 1.5
      vertex -90.8889 -77.3371 -1.5
      vertex -90.7312 -77.454 -1.5
    endloop
  endfacet
  facet normal -0.595508 0.80335 0
    outer loop
      vertex -90.7312 -80.546 -1.5
      vertex -90.8889 -80.6629 1.5
      vertex -90.7312 -80.546 1.5
    endloop
  endfacet
  facet normal -0.595508 0.80335 0
    outer loop
      vertex -90.8889 -80.6629 1.5
      vertex -90.7312 -80.546 -1.5
      vertex -90.8889 -80.6629 -1.5
    endloop
  endfacet
  facet normal 0.427955 -0.9038 0
    outer loop
      vertex -92.9428 -77.2362 -1.5
      vertex -92.7654 -77.1522 1.5
      vertex -92.9428 -77.2362 1.5
    endloop
  endfacet
  facet normal 0.427955 -0.9038 0
    outer loop
      vertex -92.7654 -77.1522 1.5
      vertex -92.9428 -77.2362 -1.5
      vertex -92.7654 -77.1522 -1.5
    endloop
  endfacet
  facet normal 0.989182 -0.146696 0
    outer loop
      vertex -93.9904 -78.804 1.5
      vertex -93.9616 -78.6098 -1.5
      vertex -93.9616 -78.6098 1.5
    endloop
  endfacet
  facet normal 0.989182 -0.146696 0
    outer loop
      vertex -93.9616 -78.6098 -1.5
      vertex -93.9904 -78.804 1.5
      vertex -93.9904 -78.804 -1.5
    endloop
  endfacet
  facet normal -0.80335 -0.595508 0
    outer loop
      vertex -90.3371 -77.8889 -1.5
      vertex -90.454 -77.7312 1.5
      vertex -90.454 -77.7312 -1.5
    endloop
  endfacet
  facet normal -0.80335 -0.595508 0
    outer loop
      vertex -90.454 -77.7312 1.5
      vertex -90.3371 -77.8889 -1.5
      vertex -90.3371 -77.8889 1.5
    endloop
  endfacet
  facet normal 0.998803 -0.0489209 0
    outer loop
      vertex -94 -79 1.5
      vertex -93.9904 -78.804 -1.5
      vertex -93.9904 -78.804 1.5
    endloop
  endfacet
  facet normal 0.998803 -0.0489209 0
    outer loop
      vertex -93.9904 -78.804 -1.5
      vertex -94 -79 1.5
      vertex -94 -79 -1.5
    endloop
  endfacet
  facet normal 0.970023 0.243015 0
    outer loop
      vertex -93.9139 -79.5806 1.5
      vertex -93.9616 -79.3902 -1.5
      vertex -93.9616 -79.3902 1.5
    endloop
  endfacet
  facet normal 0.970023 0.243015 0
    outer loop
      vertex -93.9616 -79.3902 -1.5
      vertex -93.9139 -79.5806 1.5
      vertex -93.9139 -79.5806 -1.5
    endloop
  endfacet
  facet normal 0.998803 0.0489209 0
    outer loop
      vertex -93.9904 -79.196 1.5
      vertex -94 -79 -1.5
      vertex -94 -79 1.5
    endloop
  endfacet
  facet normal 0.998803 0.0489209 0
    outer loop
      vertex -94 -79 -1.5
      vertex -93.9904 -79.196 1.5
      vertex -93.9904 -79.196 -1.5
    endloop
  endfacet
  facet normal -0.514196 -0.857673 0
    outer loop
      vertex -91.0572 -77.2362 -1.5
      vertex -90.8889 -77.3371 1.5
      vertex -91.0572 -77.2362 1.5
    endloop
  endfacet
  facet normal -0.514196 -0.857673 -0
    outer loop
      vertex -90.8889 -77.3371 1.5
      vertex -91.0572 -77.2362 -1.5
      vertex -90.8889 -77.3371 -1.5
    endloop
  endfacet
  facet normal 0.336788 -0.94158 0
    outer loop
      vertex -92.7654 -77.1522 -1.5
      vertex -92.5806 -77.0861 1.5
      vertex -92.7654 -77.1522 1.5
    endloop
  endfacet
  facet normal 0.336788 -0.94158 0
    outer loop
      vertex -92.5806 -77.0861 1.5
      vertex -92.7654 -77.1522 -1.5
      vertex -92.5806 -77.0861 -1.5
    endloop
  endfacet
  facet normal 0.243015 0.970023 -0
    outer loop
      vertex -92.3902 -80.9616 -1.5
      vertex -92.5806 -80.9139 1.5
      vertex -92.3902 -80.9616 1.5
    endloop
  endfacet
  facet normal 0.243015 0.970023 0
    outer loop
      vertex -92.5806 -80.9139 1.5
      vertex -92.3902 -80.9616 -1.5
      vertex -92.5806 -80.9139 -1.5
    endloop
  endfacet
  facet normal -0.998803 0.0489209 0
    outer loop
      vertex -90.0096 -79.196 -1.5
      vertex -90 -79 1.5
      vertex -90 -79 -1.5
    endloop
  endfacet
  facet normal -0.998803 0.0489209 0
    outer loop
      vertex -90 -79 1.5
      vertex -90.0096 -79.196 -1.5
      vertex -90.0096 -79.196 1.5
    endloop
  endfacet
  facet normal 0.80335 0.595508 0
    outer loop
      vertex -93.546 -80.2688 1.5
      vertex -93.6629 -80.1111 -1.5
      vertex -93.6629 -80.1111 1.5
    endloop
  endfacet
  facet normal 0.80335 0.595508 0
    outer loop
      vertex -93.6629 -80.1111 -1.5
      vertex -93.546 -80.2688 1.5
      vertex -93.546 -80.2688 -1.5
    endloop
  endfacet
  facet normal 0.595508 -0.80335 0
    outer loop
      vertex -93.2688 -77.454 -1.5
      vertex -93.1111 -77.3371 1.5
      vertex -93.2688 -77.454 1.5
    endloop
  endfacet
  facet normal 0.595508 -0.80335 0
    outer loop
      vertex -93.1111 -77.3371 1.5
      vertex -93.2688 -77.454 -1.5
      vertex -93.1111 -77.3371 -1.5
    endloop
  endfacet
  facet normal 0.0489209 0.998803 -0
    outer loop
      vertex -92 -81 -1.5
      vertex -92.196 -80.9904 1.5
      vertex -92 -81 1.5
    endloop
  endfacet
  facet normal 0.0489209 0.998803 0
    outer loop
      vertex -92.196 -80.9904 1.5
      vertex -92 -81 -1.5
      vertex -92.196 -80.9904 -1.5
    endloop
  endfacet
  facet normal 0.595508 0.80335 -0
    outer loop
      vertex -93.1111 -80.6629 -1.5
      vertex -93.2688 -80.546 1.5
      vertex -93.1111 -80.6629 1.5
    endloop
  endfacet
  facet normal 0.595508 0.80335 0
    outer loop
      vertex -93.2688 -80.546 1.5
      vertex -93.1111 -80.6629 -1.5
      vertex -93.2688 -80.546 -1.5
    endloop
  endfacet
  facet normal 0.970023 -0.243015 0
    outer loop
      vertex -93.9616 -78.6098 1.5
      vertex -93.9139 -78.4194 -1.5
      vertex -93.9139 -78.4194 1.5
    endloop
  endfacet
  facet normal 0.970023 -0.243015 0
    outer loop
      vertex -93.9139 -78.4194 -1.5
      vertex -93.9616 -78.6098 1.5
      vertex -93.9616 -78.6098 -1.5
    endloop
  endfacet
  facet normal -0.94158 -0.336788 0
    outer loop
      vertex -90.0861 -78.4194 -1.5
      vertex -90.1522 -78.2346 1.5
      vertex -90.1522 -78.2346 -1.5
    endloop
  endfacet
  facet normal -0.94158 -0.336788 0
    outer loop
      vertex -90.1522 -78.2346 1.5
      vertex -90.0861 -78.4194 -1.5
      vertex -90.0861 -78.4194 1.5
    endloop
  endfacet
  facet normal -0.970023 0.243015 0
    outer loop
      vertex -90.0861 -79.5806 -1.5
      vertex -90.0384 -79.3902 1.5
      vertex -90.0384 -79.3902 -1.5
    endloop
  endfacet
  facet normal -0.970023 0.243015 0
    outer loop
      vertex -90.0384 -79.3902 1.5
      vertex -90.0861 -79.5806 -1.5
      vertex -90.0861 -79.5806 1.5
    endloop
  endfacet
  facet normal -0.989182 0.146696 0
    outer loop
      vertex -90.0384 -79.3902 -1.5
      vertex -90.0096 -79.196 1.5
      vertex -90.0096 -79.196 -1.5
    endloop
  endfacet
  facet normal -0.989182 0.146696 0
    outer loop
      vertex -90.0096 -79.196 1.5
      vertex -90.0384 -79.3902 -1.5
      vertex -90.0384 -79.3902 1.5
    endloop
  endfacet
  facet normal -0.740908 0.671607 0
    outer loop
      vertex -90.5858 -80.4142 -1.5
      vertex -90.454 -80.2688 1.5
      vertex -90.454 -80.2688 -1.5
    endloop
  endfacet
  facet normal -0.740908 0.671607 0
    outer loop
      vertex -90.454 -80.2688 1.5
      vertex -90.5858 -80.4142 -1.5
      vertex -90.5858 -80.4142 1.5
    endloop
  endfacet
  facet normal -0.336788 -0.94158 0
    outer loop
      vertex -91.4194 -77.0861 -1.5
      vertex -91.2346 -77.1522 1.5
      vertex -91.4194 -77.0861 1.5
    endloop
  endfacet
  facet normal -0.336788 -0.94158 -0
    outer loop
      vertex -91.2346 -77.1522 1.5
      vertex -91.4194 -77.0861 -1.5
      vertex -91.2346 -77.1522 -1.5
    endloop
  endfacet
  facet normal -0.0489209 0.998803 0
    outer loop
      vertex -91.804 -80.9904 -1.5
      vertex -92 -81 1.5
      vertex -91.804 -80.9904 1.5
    endloop
  endfacet
  facet normal -0.0489209 0.998803 0
    outer loop
      vertex -92 -81 1.5
      vertex -91.804 -80.9904 -1.5
      vertex -92 -81 -1.5
    endloop
  endfacet
  facet normal -0.857673 0.514196 0
    outer loop
      vertex -90.3371 -80.1111 -1.5
      vertex -90.2362 -79.9428 1.5
      vertex -90.2362 -79.9428 -1.5
    endloop
  endfacet
  facet normal -0.857673 0.514196 0
    outer loop
      vertex -90.2362 -79.9428 1.5
      vertex -90.3371 -80.1111 -1.5
      vertex -90.3371 -80.1111 1.5
    endloop
  endfacet
  facet normal -0.427955 -0.9038 0
    outer loop
      vertex -91.2346 -77.1522 -1.5
      vertex -91.0572 -77.2362 1.5
      vertex -91.2346 -77.1522 1.5
    endloop
  endfacet
  facet normal -0.427955 -0.9038 -0
    outer loop
      vertex -91.0572 -77.2362 1.5
      vertex -91.2346 -77.1522 -1.5
      vertex -91.0572 -77.2362 -1.5
    endloop
  endfacet
  facet normal 0.0489209 -0.998803 0
    outer loop
      vertex -92.196 -77.0096 -1.5
      vertex -92 -77 1.5
      vertex -92.196 -77.0096 1.5
    endloop
  endfacet
  facet normal 0.0489209 -0.998803 0
    outer loop
      vertex -92 -77 1.5
      vertex -92.196 -77.0096 -1.5
      vertex -92 -77 -1.5
    endloop
  endfacet
  facet normal 0.94158 -0.336788 0
    outer loop
      vertex -93.9139 -78.4194 1.5
      vertex -93.8478 -78.2346 -1.5
      vertex -93.8478 -78.2346 1.5
    endloop
  endfacet
  facet normal 0.94158 -0.336788 0
    outer loop
      vertex -93.8478 -78.2346 -1.5
      vertex -93.9139 -78.4194 1.5
      vertex -93.9139 -78.4194 -1.5
    endloop
  endfacet
  facet normal 0.427955 0.9038 -0
    outer loop
      vertex -92.7654 -80.8478 -1.5
      vertex -92.9428 -80.7638 1.5
      vertex -92.7654 -80.8478 1.5
    endloop
  endfacet
  facet normal 0.427955 0.9038 0
    outer loop
      vertex -92.9428 -80.7638 1.5
      vertex -92.7654 -80.8478 -1.5
      vertex -92.9428 -80.7638 -1.5
    endloop
  endfacet
  facet normal -0.857673 -0.514196 0
    outer loop
      vertex -90.2362 -78.0572 -1.5
      vertex -90.3371 -77.8889 1.5
      vertex -90.3371 -77.8889 -1.5
    endloop
  endfacet
  facet normal -0.857673 -0.514196 0
    outer loop
      vertex -90.3371 -77.8889 1.5
      vertex -90.2362 -78.0572 -1.5
      vertex -90.2362 -78.0572 1.5
    endloop
  endfacet
  facet normal -0.671607 -0.740908 0
    outer loop
      vertex -90.7312 -77.454 -1.5
      vertex -90.5858 -77.5858 1.5
      vertex -90.7312 -77.454 1.5
    endloop
  endfacet
  facet normal -0.671607 -0.740908 -0
    outer loop
      vertex -90.5858 -77.5858 1.5
      vertex -90.7312 -77.454 -1.5
      vertex -90.5858 -77.5858 -1.5
    endloop
  endfacet
  facet normal 0.857673 0.514196 0
    outer loop
      vertex -93.6629 -80.1111 1.5
      vertex -93.7638 -79.9428 -1.5
      vertex -93.7638 -79.9428 1.5
    endloop
  endfacet
  facet normal 0.857673 0.514196 0
    outer loop
      vertex -93.7638 -79.9428 -1.5
      vertex -93.6629 -80.1111 1.5
      vertex -93.6629 -80.1111 -1.5
    endloop
  endfacet
  facet normal 0.9038 -0.427955 0
    outer loop
      vertex -93.8478 -78.2346 1.5
      vertex -93.7638 -78.0572 -1.5
      vertex -93.7638 -78.0572 1.5
    endloop
  endfacet
  facet normal 0.9038 -0.427955 0
    outer loop
      vertex -93.7638 -78.0572 -1.5
      vertex -93.8478 -78.2346 1.5
      vertex -93.8478 -78.2346 -1.5
    endloop
  endfacet
  facet normal 0.671607 -0.740908 0
    outer loop
      vertex -93.4142 -77.5858 -1.5
      vertex -93.2688 -77.454 1.5
      vertex -93.4142 -77.5858 1.5
    endloop
  endfacet
  facet normal 0.671607 -0.740908 0
    outer loop
      vertex -93.2688 -77.454 1.5
      vertex -93.4142 -77.5858 -1.5
      vertex -93.2688 -77.454 -1.5
    endloop
  endfacet
  facet normal -0.243015 -0.970023 0
    outer loop
      vertex -91.6098 -77.0384 -1.5
      vertex -91.4194 -77.0861 1.5
      vertex -91.6098 -77.0384 1.5
    endloop
  endfacet
  facet normal -0.243015 -0.970023 -0
    outer loop
      vertex -91.4194 -77.0861 1.5
      vertex -91.6098 -77.0384 -1.5
      vertex -91.4194 -77.0861 -1.5
    endloop
  endfacet
  facet normal -0.94158 0.336788 0
    outer loop
      vertex -90.1522 -79.7654 -1.5
      vertex -90.0861 -79.5806 1.5
      vertex -90.0861 -79.5806 -1.5
    endloop
  endfacet
  facet normal -0.94158 0.336788 0
    outer loop
      vertex -90.0861 -79.5806 1.5
      vertex -90.1522 -79.7654 -1.5
      vertex -90.1522 -79.7654 1.5
    endloop
  endfacet
  facet normal 0.740908 0.671607 0
    outer loop
      vertex -93.4142 -80.4142 1.5
      vertex -93.546 -80.2688 -1.5
      vertex -93.546 -80.2688 1.5
    endloop
  endfacet
  facet normal 0.740908 0.671607 0
    outer loop
      vertex -93.546 -80.2688 -1.5
      vertex -93.4142 -80.4142 1.5
      vertex -93.4142 -80.4142 -1.5
    endloop
  endfacet
  facet normal 0.740908 -0.671607 0
    outer loop
      vertex -93.546 -77.7312 1.5
      vertex -93.4142 -77.5858 -1.5
      vertex -93.4142 -77.5858 1.5
    endloop
  endfacet
  facet normal 0.740908 -0.671607 0
    outer loop
      vertex -93.4142 -77.5858 -1.5
      vertex -93.546 -77.7312 1.5
      vertex -93.546 -77.7312 -1.5
    endloop
  endfacet
  facet normal -0.0489209 -0.998803 0
    outer loop
      vertex -92 -77 -1.5
      vertex -91.804 -77.0096 1.5
      vertex -92 -77 1.5
    endloop
  endfacet
  facet normal -0.0489209 -0.998803 -0
    outer loop
      vertex -91.804 -77.0096 1.5
      vertex -92 -77 -1.5
      vertex -91.804 -77.0096 -1.5
    endloop
  endfacet
  facet normal 0.989182 0.146696 0
    outer loop
      vertex -93.9616 -79.3902 1.5
      vertex -93.9904 -79.196 -1.5
      vertex -93.9904 -79.196 1.5
    endloop
  endfacet
  facet normal 0.989182 0.146696 0
    outer loop
      vertex -93.9904 -79.196 -1.5
      vertex -93.9616 -79.3902 1.5
      vertex -93.9616 -79.3902 -1.5
    endloop
  endfacet
  facet normal -0.243015 0.970023 0
    outer loop
      vertex -91.4194 -80.9139 -1.5
      vertex -91.6098 -80.9616 1.5
      vertex -91.4194 -80.9139 1.5
    endloop
  endfacet
  facet normal -0.243015 0.970023 0
    outer loop
      vertex -91.6098 -80.9616 1.5
      vertex -91.4194 -80.9139 -1.5
      vertex -91.6098 -80.9616 -1.5
    endloop
  endfacet
  facet normal -0.336788 0.94158 0
    outer loop
      vertex -91.2346 -80.8478 -1.5
      vertex -91.4194 -80.9139 1.5
      vertex -91.2346 -80.8478 1.5
    endloop
  endfacet
  facet normal -0.336788 0.94158 0
    outer loop
      vertex -91.4194 -80.9139 1.5
      vertex -91.2346 -80.8478 -1.5
      vertex -91.4194 -80.9139 -1.5
    endloop
  endfacet
  facet normal 0.94158 0.336788 0
    outer loop
      vertex -93.8478 -79.7654 1.5
      vertex -93.9139 -79.5806 -1.5
      vertex -93.9139 -79.5806 1.5
    endloop
  endfacet
  facet normal 0.94158 0.336788 0
    outer loop
      vertex -93.9139 -79.5806 -1.5
      vertex -93.8478 -79.7654 1.5
      vertex -93.8478 -79.7654 -1.5
    endloop
  endfacet
  facet normal -0.671607 0.740908 0
    outer loop
      vertex -90.5858 -80.4142 -1.5
      vertex -90.7312 -80.546 1.5
      vertex -90.5858 -80.4142 1.5
    endloop
  endfacet
  facet normal -0.671607 0.740908 0
    outer loop
      vertex -90.7312 -80.546 1.5
      vertex -90.5858 -80.4142 -1.5
      vertex -90.7312 -80.546 -1.5
    endloop
  endfacet
  facet normal 0.336788 0.94158 -0
    outer loop
      vertex -92.5806 -80.9139 -1.5
      vertex -92.7654 -80.8478 1.5
      vertex -92.5806 -80.9139 1.5
    endloop
  endfacet
  facet normal 0.336788 0.94158 0
    outer loop
      vertex -92.7654 -80.8478 1.5
      vertex -92.5806 -80.9139 -1.5
      vertex -92.7654 -80.8478 -1.5
    endloop
  endfacet
  facet normal 0.80335 -0.595508 0
    outer loop
      vertex -93.6629 -77.8889 1.5
      vertex -93.546 -77.7312 -1.5
      vertex -93.546 -77.7312 1.5
    endloop
  endfacet
  facet normal 0.80335 -0.595508 0
    outer loop
      vertex -93.546 -77.7312 -1.5
      vertex -93.6629 -77.8889 1.5
      vertex -93.6629 -77.8889 -1.5
    endloop
  endfacet
  facet normal 0.857673 -0.514196 0
    outer loop
      vertex -93.7638 -78.0572 1.5
      vertex -93.6629 -77.8889 -1.5
      vertex -93.6629 -77.8889 1.5
    endloop
  endfacet
  facet normal 0.857673 -0.514196 0
    outer loop
      vertex -93.6629 -77.8889 -1.5
      vertex -93.7638 -78.0572 1.5
      vertex -93.7638 -78.0572 -1.5
    endloop
  endfacet
  facet normal -0.9038 0.427955 0
    outer loop
      vertex -90.2362 -79.9428 -1.5
      vertex -90.1522 -79.7654 1.5
      vertex -90.1522 -79.7654 -1.5
    endloop
  endfacet
  facet normal -0.9038 0.427955 0
    outer loop
      vertex -90.1522 -79.7654 1.5
      vertex -90.2362 -79.9428 -1.5
      vertex -90.2362 -79.9428 1.5
    endloop
  endfacet
  facet normal 0.9038 0.427955 0
    outer loop
      vertex -93.7638 -79.9428 1.5
      vertex -93.8478 -79.7654 -1.5
      vertex -93.8478 -79.7654 1.5
    endloop
  endfacet
  facet normal 0.9038 0.427955 0
    outer loop
      vertex -93.8478 -79.7654 -1.5
      vertex -93.7638 -79.9428 1.5
      vertex -93.7638 -79.9428 -1.5
    endloop
  endfacet
  facet normal 0.514196 -0.857673 0
    outer loop
      vertex -93.1111 -77.3371 -1.5
      vertex -92.9428 -77.2362 1.5
      vertex -93.1111 -77.3371 1.5
    endloop
  endfacet
  facet normal 0.514196 -0.857673 0
    outer loop
      vertex -92.9428 -77.2362 1.5
      vertex -93.1111 -77.3371 -1.5
      vertex -92.9428 -77.2362 -1.5
    endloop
  endfacet
  facet normal 0.146696 0.989182 -0
    outer loop
      vertex -92.196 -80.9904 -1.5
      vertex -92.3902 -80.9616 1.5
      vertex -92.196 -80.9904 1.5
    endloop
  endfacet
  facet normal 0.146696 0.989182 0
    outer loop
      vertex -92.3902 -80.9616 1.5
      vertex -92.196 -80.9904 -1.5
      vertex -92.3902 -80.9616 -1.5
    endloop
  endfacet
  facet normal -0.989182 -0.146696 0
    outer loop
      vertex -90.0096 79.196 -1.5
      vertex -90.0384 79.3902 1.5
      vertex -90.0384 79.3902 -1.5
    endloop
  endfacet
  facet normal -0.989182 -0.146696 0
    outer loop
      vertex -90.0384 79.3902 1.5
      vertex -90.0096 79.196 -1.5
      vertex -90.0096 79.196 1.5
    endloop
  endfacet
  facet normal -0.998803 -0.0489209 0
    outer loop
      vertex -90 79 -1.5
      vertex -90.0096 79.196 1.5
      vertex -90.0096 79.196 -1.5
    endloop
  endfacet
  facet normal -0.998803 -0.0489209 0
    outer loop
      vertex -90.0096 79.196 1.5
      vertex -90 79 -1.5
      vertex -90 79 1.5
    endloop
  endfacet
  facet normal -0.970023 -0.243015 0
    outer loop
      vertex -90.0384 79.3902 -1.5
      vertex -90.0861 79.5806 1.5
      vertex -90.0861 79.5806 -1.5
    endloop
  endfacet
  facet normal -0.970023 -0.243015 0
    outer loop
      vertex -90.0861 79.5806 1.5
      vertex -90.0384 79.3902 -1.5
      vertex -90.0384 79.3902 1.5
    endloop
  endfacet
  facet normal -0.998803 0.0489209 0
    outer loop
      vertex -90.0096 78.804 -1.5
      vertex -90 79 1.5
      vertex -90 79 -1.5
    endloop
  endfacet
  facet normal -0.998803 0.0489209 0
    outer loop
      vertex -90 79 1.5
      vertex -90.0096 78.804 -1.5
      vertex -90.0096 78.804 1.5
    endloop
  endfacet
  facet normal 0.998803 0.0489209 0
    outer loop
      vertex -93.9904 78.804 1.5
      vertex -94 79 -1.5
      vertex -94 79 1.5
    endloop
  endfacet
  facet normal 0.998803 0.0489209 0
    outer loop
      vertex -94 79 -1.5
      vertex -93.9904 78.804 1.5
      vertex -93.9904 78.804 -1.5
    endloop
  endfacet
  facet normal -0.671607 -0.740908 0
    outer loop
      vertex -90.7312 80.546 -1.5
      vertex -90.5858 80.4142 1.5
      vertex -90.7312 80.546 1.5
    endloop
  endfacet
  facet normal -0.671607 -0.740908 -0
    outer loop
      vertex -90.5858 80.4142 1.5
      vertex -90.7312 80.546 -1.5
      vertex -90.5858 80.4142 -1.5
    endloop
  endfacet
  facet normal -0.243015 -0.970023 0
    outer loop
      vertex -91.6098 80.9616 -1.5
      vertex -91.4194 80.9139 1.5
      vertex -91.6098 80.9616 1.5
    endloop
  endfacet
  facet normal -0.243015 -0.970023 -0
    outer loop
      vertex -91.4194 80.9139 1.5
      vertex -91.6098 80.9616 -1.5
      vertex -91.4194 80.9139 -1.5
    endloop
  endfacet
  facet normal 0.243015 -0.970023 0
    outer loop
      vertex -92.5806 80.9139 -1.5
      vertex -92.3902 80.9616 1.5
      vertex -92.5806 80.9139 1.5
    endloop
  endfacet
  facet normal 0.243015 -0.970023 0
    outer loop
      vertex -92.3902 80.9616 1.5
      vertex -92.5806 80.9139 -1.5
      vertex -92.3902 80.9616 -1.5
    endloop
  endfacet
  facet normal 0.80335 -0.595508 0
    outer loop
      vertex -93.6629 80.1111 1.5
      vertex -93.546 80.2688 -1.5
      vertex -93.546 80.2688 1.5
    endloop
  endfacet
  facet normal 0.80335 -0.595508 0
    outer loop
      vertex -93.546 80.2688 -1.5
      vertex -93.6629 80.1111 1.5
      vertex -93.6629 80.1111 -1.5
    endloop
  endfacet
  facet normal -0.243015 0.970023 0
    outer loop
      vertex -91.4194 77.0861 -1.5
      vertex -91.6098 77.0384 1.5
      vertex -91.4194 77.0861 1.5
    endloop
  endfacet
  facet normal -0.243015 0.970023 0
    outer loop
      vertex -91.6098 77.0384 1.5
      vertex -91.4194 77.0861 -1.5
      vertex -91.6098 77.0384 -1.5
    endloop
  endfacet
  facet normal 0.80335 0.595508 0
    outer loop
      vertex -93.546 77.7312 1.5
      vertex -93.6629 77.8889 -1.5
      vertex -93.6629 77.8889 1.5
    endloop
  endfacet
  facet normal 0.80335 0.595508 0
    outer loop
      vertex -93.6629 77.8889 -1.5
      vertex -93.546 77.7312 1.5
      vertex -93.546 77.7312 -1.5
    endloop
  endfacet
  facet normal 0.94158 -0.336788 0
    outer loop
      vertex -93.9139 79.5806 1.5
      vertex -93.8478 79.7654 -1.5
      vertex -93.8478 79.7654 1.5
    endloop
  endfacet
  facet normal 0.94158 -0.336788 0
    outer loop
      vertex -93.8478 79.7654 -1.5
      vertex -93.9139 79.5806 1.5
      vertex -93.9139 79.5806 -1.5
    endloop
  endfacet
  facet normal -0.514196 0.857673 0
    outer loop
      vertex -90.8889 77.3371 -1.5
      vertex -91.0572 77.2362 1.5
      vertex -90.8889 77.3371 1.5
    endloop
  endfacet
  facet normal -0.514196 0.857673 0
    outer loop
      vertex -91.0572 77.2362 1.5
      vertex -90.8889 77.3371 -1.5
      vertex -91.0572 77.2362 -1.5
    endloop
  endfacet
  facet normal -0.336788 0.94158 0
    outer loop
      vertex -91.2346 77.1522 -1.5
      vertex -91.4194 77.0861 1.5
      vertex -91.2346 77.1522 1.5
    endloop
  endfacet
  facet normal -0.336788 0.94158 0
    outer loop
      vertex -91.4194 77.0861 1.5
      vertex -91.2346 77.1522 -1.5
      vertex -91.4194 77.0861 -1.5
    endloop
  endfacet
  facet normal -0.146696 -0.989182 0
    outer loop
      vertex -91.804 80.9904 -1.5
      vertex -91.6098 80.9616 1.5
      vertex -91.804 80.9904 1.5
    endloop
  endfacet
  facet normal -0.146696 -0.989182 -0
    outer loop
      vertex -91.6098 80.9616 1.5
      vertex -91.804 80.9904 -1.5
      vertex -91.6098 80.9616 -1.5
    endloop
  endfacet
  facet normal 0.595508 -0.80335 0
    outer loop
      vertex -93.2688 80.546 -1.5
      vertex -93.1111 80.6629 1.5
      vertex -93.2688 80.546 1.5
    endloop
  endfacet
  facet normal 0.595508 -0.80335 0
    outer loop
      vertex -93.1111 80.6629 1.5
      vertex -93.2688 80.546 -1.5
      vertex -93.1111 80.6629 -1.5
    endloop
  endfacet
  facet normal 0.146696 -0.989182 0
    outer loop
      vertex -92.3902 80.9616 -1.5
      vertex -92.196 80.9904 1.5
      vertex -92.3902 80.9616 1.5
    endloop
  endfacet
  facet normal 0.146696 -0.989182 0
    outer loop
      vertex -92.196 80.9904 1.5
      vertex -92.3902 80.9616 -1.5
      vertex -92.196 80.9904 -1.5
    endloop
  endfacet
  facet normal 0.857673 0.514196 0
    outer loop
      vertex -93.6629 77.8889 1.5
      vertex -93.7638 78.0572 -1.5
      vertex -93.7638 78.0572 1.5
    endloop
  endfacet
  facet normal 0.857673 0.514196 0
    outer loop
      vertex -93.7638 78.0572 -1.5
      vertex -93.6629 77.8889 1.5
      vertex -93.6629 77.8889 -1.5
    endloop
  endfacet
  facet normal 0.595508 0.80335 -0
    outer loop
      vertex -93.1111 77.3371 -1.5
      vertex -93.2688 77.454 1.5
      vertex -93.1111 77.3371 1.5
    endloop
  endfacet
  facet normal 0.595508 0.80335 0
    outer loop
      vertex -93.2688 77.454 1.5
      vertex -93.1111 77.3371 -1.5
      vertex -93.2688 77.454 -1.5
    endloop
  endfacet
  facet normal -0.857673 0.514196 0
    outer loop
      vertex -90.3371 77.8889 -1.5
      vertex -90.2362 78.0572 1.5
      vertex -90.2362 78.0572 -1.5
    endloop
  endfacet
  facet normal -0.857673 0.514196 0
    outer loop
      vertex -90.2362 78.0572 1.5
      vertex -90.3371 77.8889 -1.5
      vertex -90.3371 77.8889 1.5
    endloop
  endfacet
  facet normal -0.595508 -0.80335 0
    outer loop
      vertex -90.8889 80.6629 -1.5
      vertex -90.7312 80.546 1.5
      vertex -90.8889 80.6629 1.5
    endloop
  endfacet
  facet normal -0.595508 -0.80335 -0
    outer loop
      vertex -90.7312 80.546 1.5
      vertex -90.8889 80.6629 -1.5
      vertex -90.7312 80.546 -1.5
    endloop
  endfacet
  facet normal -0.989182 0.146696 0
    outer loop
      vertex -90.0384 78.6098 -1.5
      vertex -90.0096 78.804 1.5
      vertex -90.0096 78.804 -1.5
    endloop
  endfacet
  facet normal -0.989182 0.146696 0
    outer loop
      vertex -90.0096 78.804 1.5
      vertex -90.0384 78.6098 -1.5
      vertex -90.0384 78.6098 1.5
    endloop
  endfacet
  facet normal 0.336788 0.94158 -0
    outer loop
      vertex -92.5806 77.0861 -1.5
      vertex -92.7654 77.1522 1.5
      vertex -92.5806 77.0861 1.5
    endloop
  endfacet
  facet normal 0.336788 0.94158 0
    outer loop
      vertex -92.7654 77.1522 1.5
      vertex -92.5806 77.0861 -1.5
      vertex -92.7654 77.1522 -1.5
    endloop
  endfacet
  facet normal 0.146696 0.989182 -0
    outer loop
      vertex -92.196 77.0096 -1.5
      vertex -92.3902 77.0384 1.5
      vertex -92.196 77.0096 1.5
    endloop
  endfacet
  facet normal 0.146696 0.989182 0
    outer loop
      vertex -92.3902 77.0384 1.5
      vertex -92.196 77.0096 -1.5
      vertex -92.3902 77.0384 -1.5
    endloop
  endfacet
  facet normal -0.970023 0.243015 0
    outer loop
      vertex -90.0861 78.4194 -1.5
      vertex -90.0384 78.6098 1.5
      vertex -90.0384 78.6098 -1.5
    endloop
  endfacet
  facet normal -0.970023 0.243015 0
    outer loop
      vertex -90.0384 78.6098 1.5
      vertex -90.0861 78.4194 -1.5
      vertex -90.0861 78.4194 1.5
    endloop
  endfacet
  facet normal -0.9038 0.427955 0
    outer loop
      vertex -90.2362 78.0572 -1.5
      vertex -90.1522 78.2346 1.5
      vertex -90.1522 78.2346 -1.5
    endloop
  endfacet
  facet normal -0.9038 0.427955 0
    outer loop
      vertex -90.1522 78.2346 1.5
      vertex -90.2362 78.0572 -1.5
      vertex -90.2362 78.0572 1.5
    endloop
  endfacet
  facet normal 0.514196 -0.857673 0
    outer loop
      vertex -93.1111 80.6629 -1.5
      vertex -92.9428 80.7638 1.5
      vertex -93.1111 80.6629 1.5
    endloop
  endfacet
  facet normal 0.514196 -0.857673 0
    outer loop
      vertex -92.9428 80.7638 1.5
      vertex -93.1111 80.6629 -1.5
      vertex -92.9428 80.7638 -1.5
    endloop
  endfacet
  facet normal 0.427955 -0.9038 0
    outer loop
      vertex -92.9428 80.7638 -1.5
      vertex -92.7654 80.8478 1.5
      vertex -92.9428 80.7638 1.5
    endloop
  endfacet
  facet normal 0.427955 -0.9038 0
    outer loop
      vertex -92.7654 80.8478 1.5
      vertex -92.9428 80.7638 -1.5
      vertex -92.7654 80.8478 -1.5
    endloop
  endfacet
  facet normal 0.243015 0.970023 -0
    outer loop
      vertex -92.3902 77.0384 -1.5
      vertex -92.5806 77.0861 1.5
      vertex -92.3902 77.0384 1.5
    endloop
  endfacet
  facet normal 0.243015 0.970023 0
    outer loop
      vertex -92.5806 77.0861 1.5
      vertex -92.3902 77.0384 -1.5
      vertex -92.5806 77.0861 -1.5
    endloop
  endfacet
  facet normal 0.970023 0.243015 0
    outer loop
      vertex -93.9139 78.4194 1.5
      vertex -93.9616 78.6098 -1.5
      vertex -93.9616 78.6098 1.5
    endloop
  endfacet
  facet normal 0.970023 0.243015 0
    outer loop
      vertex -93.9616 78.6098 -1.5
      vertex -93.9139 78.4194 1.5
      vertex -93.9139 78.4194 -1.5
    endloop
  endfacet
  facet normal -0.9038 -0.427955 0
    outer loop
      vertex -90.1522 79.7654 -1.5
      vertex -90.2362 79.9428 1.5
      vertex -90.2362 79.9428 -1.5
    endloop
  endfacet
  facet normal -0.9038 -0.427955 0
    outer loop
      vertex -90.2362 79.9428 1.5
      vertex -90.1522 79.7654 -1.5
      vertex -90.1522 79.7654 1.5
    endloop
  endfacet
  facet normal -0.146696 0.989182 0
    outer loop
      vertex -91.6098 77.0384 -1.5
      vertex -91.804 77.0096 1.5
      vertex -91.6098 77.0384 1.5
    endloop
  endfacet
  facet normal -0.146696 0.989182 0
    outer loop
      vertex -91.804 77.0096 1.5
      vertex -91.6098 77.0384 -1.5
      vertex -91.804 77.0096 -1.5
    endloop
  endfacet
  facet normal -0.80335 -0.595508 0
    outer loop
      vertex -90.3371 80.1111 -1.5
      vertex -90.454 80.2688 1.5
      vertex -90.454 80.2688 -1.5
    endloop
  endfacet
  facet normal -0.80335 -0.595508 0
    outer loop
      vertex -90.454 80.2688 1.5
      vertex -90.3371 80.1111 -1.5
      vertex -90.3371 80.1111 1.5
    endloop
  endfacet
  facet normal -0.427955 0.9038 0
    outer loop
      vertex -91.0572 77.2362 -1.5
      vertex -91.2346 77.1522 1.5
      vertex -91.0572 77.2362 1.5
    endloop
  endfacet
  facet normal -0.427955 0.9038 0
    outer loop
      vertex -91.2346 77.1522 1.5
      vertex -91.0572 77.2362 -1.5
      vertex -91.2346 77.1522 -1.5
    endloop
  endfacet
  facet normal -0.427955 -0.9038 0
    outer loop
      vertex -91.2346 80.8478 -1.5
      vertex -91.0572 80.7638 1.5
      vertex -91.2346 80.8478 1.5
    endloop
  endfacet
  facet normal -0.427955 -0.9038 -0
    outer loop
      vertex -91.0572 80.7638 1.5
      vertex -91.2346 80.8478 -1.5
      vertex -91.0572 80.7638 -1.5
    endloop
  endfacet
  facet normal -0.671607 0.740908 0
    outer loop
      vertex -90.5858 77.5858 -1.5
      vertex -90.7312 77.454 1.5
      vertex -90.5858 77.5858 1.5
    endloop
  endfacet
  facet normal -0.671607 0.740908 0
    outer loop
      vertex -90.7312 77.454 1.5
      vertex -90.5858 77.5858 -1.5
      vertex -90.7312 77.454 -1.5
    endloop
  endfacet
  facet normal -0.514196 -0.857673 0
    outer loop
      vertex -91.0572 80.7638 -1.5
      vertex -90.8889 80.6629 1.5
      vertex -91.0572 80.7638 1.5
    endloop
  endfacet
  facet normal -0.514196 -0.857673 -0
    outer loop
      vertex -90.8889 80.6629 1.5
      vertex -91.0572 80.7638 -1.5
      vertex -90.8889 80.6629 -1.5
    endloop
  endfacet
  facet normal -0.94158 -0.336788 0
    outer loop
      vertex -90.0861 79.5806 -1.5
      vertex -90.1522 79.7654 1.5
      vertex -90.1522 79.7654 -1.5
    endloop
  endfacet
  facet normal -0.94158 -0.336788 0
    outer loop
      vertex -90.1522 79.7654 1.5
      vertex -90.0861 79.5806 -1.5
      vertex -90.0861 79.5806 1.5
    endloop
  endfacet
  facet normal -0.740908 -0.671607 0
    outer loop
      vertex -90.454 80.2688 -1.5
      vertex -90.5858 80.4142 1.5
      vertex -90.5858 80.4142 -1.5
    endloop
  endfacet
  facet normal -0.740908 -0.671607 0
    outer loop
      vertex -90.5858 80.4142 1.5
      vertex -90.454 80.2688 -1.5
      vertex -90.454 80.2688 1.5
    endloop
  endfacet
  facet normal 0.514196 0.857673 -0
    outer loop
      vertex -92.9428 77.2362 -1.5
      vertex -93.1111 77.3371 1.5
      vertex -92.9428 77.2362 1.5
    endloop
  endfacet
  facet normal 0.514196 0.857673 0
    outer loop
      vertex -93.1111 77.3371 1.5
      vertex -92.9428 77.2362 -1.5
      vertex -93.1111 77.3371 -1.5
    endloop
  endfacet
  facet normal -0.336788 -0.94158 0
    outer loop
      vertex -91.4194 80.9139 -1.5
      vertex -91.2346 80.8478 1.5
      vertex -91.4194 80.9139 1.5
    endloop
  endfacet
  facet normal -0.336788 -0.94158 -0
    outer loop
      vertex -91.2346 80.8478 1.5
      vertex -91.4194 80.9139 -1.5
      vertex -91.2346 80.8478 -1.5
    endloop
  endfacet
  facet normal 0.740908 0.671607 0
    outer loop
      vertex -93.4142 77.5858 1.5
      vertex -93.546 77.7312 -1.5
      vertex -93.546 77.7312 1.5
    endloop
  endfacet
  facet normal 0.740908 0.671607 0
    outer loop
      vertex -93.546 77.7312 -1.5
      vertex -93.4142 77.5858 1.5
      vertex -93.4142 77.5858 -1.5
    endloop
  endfacet
  facet normal 0.0489209 -0.998803 0
    outer loop
      vertex -92.196 80.9904 -1.5
      vertex -92 81 1.5
      vertex -92.196 80.9904 1.5
    endloop
  endfacet
  facet normal 0.0489209 -0.998803 0
    outer loop
      vertex -92 81 1.5
      vertex -92.196 80.9904 -1.5
      vertex -92 81 -1.5
    endloop
  endfacet
  facet normal 0.336788 -0.94158 0
    outer loop
      vertex -92.7654 80.8478 -1.5
      vertex -92.5806 80.9139 1.5
      vertex -92.7654 80.8478 1.5
    endloop
  endfacet
  facet normal 0.336788 -0.94158 0
    outer loop
      vertex -92.5806 80.9139 1.5
      vertex -92.7654 80.8478 -1.5
      vertex -92.5806 80.9139 -1.5
    endloop
  endfacet
  facet normal 0.989182 -0.146696 0
    outer loop
      vertex -93.9904 79.196 1.5
      vertex -93.9616 79.3902 -1.5
      vertex -93.9616 79.3902 1.5
    endloop
  endfacet
  facet normal 0.989182 -0.146696 0
    outer loop
      vertex -93.9616 79.3902 -1.5
      vertex -93.9904 79.196 1.5
      vertex -93.9904 79.196 -1.5
    endloop
  endfacet
  facet normal -0.857673 -0.514196 0
    outer loop
      vertex -90.2362 79.9428 -1.5
      vertex -90.3371 80.1111 1.5
      vertex -90.3371 80.1111 -1.5
    endloop
  endfacet
  facet normal -0.857673 -0.514196 0
    outer loop
      vertex -90.3371 80.1111 1.5
      vertex -90.2362 79.9428 -1.5
      vertex -90.2362 79.9428 1.5
    endloop
  endfacet
  facet normal -0.0489209 -0.998803 0
    outer loop
      vertex -92 81 -1.5
      vertex -91.804 80.9904 1.5
      vertex -92 81 1.5
    endloop
  endfacet
  facet normal -0.0489209 -0.998803 -0
    outer loop
      vertex -91.804 80.9904 1.5
      vertex -92 81 -1.5
      vertex -91.804 80.9904 -1.5
    endloop
  endfacet
  facet normal 0.671607 0.740908 -0
    outer loop
      vertex -93.2688 77.454 -1.5
      vertex -93.4142 77.5858 1.5
      vertex -93.2688 77.454 1.5
    endloop
  endfacet
  facet normal 0.671607 0.740908 0
    outer loop
      vertex -93.4142 77.5858 1.5
      vertex -93.2688 77.454 -1.5
      vertex -93.4142 77.5858 -1.5
    endloop
  endfacet
  facet normal -0.0489209 0.998803 0
    outer loop
      vertex -91.804 77.0096 -1.5
      vertex -92 77 1.5
      vertex -91.804 77.0096 1.5
    endloop
  endfacet
  facet normal -0.0489209 0.998803 0
    outer loop
      vertex -92 77 1.5
      vertex -91.804 77.0096 -1.5
      vertex -92 77 -1.5
    endloop
  endfacet
  facet normal -0.740908 0.671607 0
    outer loop
      vertex -90.5858 77.5858 -1.5
      vertex -90.454 77.7312 1.5
      vertex -90.454 77.7312 -1.5
    endloop
  endfacet
  facet normal -0.740908 0.671607 0
    outer loop
      vertex -90.454 77.7312 1.5
      vertex -90.5858 77.5858 -1.5
      vertex -90.5858 77.5858 1.5
    endloop
  endfacet
  facet normal -0.595508 0.80335 0
    outer loop
      vertex -90.7312 77.454 -1.5
      vertex -90.8889 77.3371 1.5
      vertex -90.7312 77.454 1.5
    endloop
  endfacet
  facet normal -0.595508 0.80335 0
    outer loop
      vertex -90.8889 77.3371 1.5
      vertex -90.7312 77.454 -1.5
      vertex -90.8889 77.3371 -1.5
    endloop
  endfacet
  facet normal 0.671607 -0.740908 0
    outer loop
      vertex -93.4142 80.4142 -1.5
      vertex -93.2688 80.546 1.5
      vertex -93.4142 80.4142 1.5
    endloop
  endfacet
  facet normal 0.671607 -0.740908 0
    outer loop
      vertex -93.2688 80.546 1.5
      vertex -93.4142 80.4142 -1.5
      vertex -93.2688 80.546 -1.5
    endloop
  endfacet
  facet normal 0.9038 -0.427955 0
    outer loop
      vertex -93.8478 79.7654 1.5
      vertex -93.7638 79.9428 -1.5
      vertex -93.7638 79.9428 1.5
    endloop
  endfacet
  facet normal 0.9038 -0.427955 0
    outer loop
      vertex -93.7638 79.9428 -1.5
      vertex -93.8478 79.7654 1.5
      vertex -93.8478 79.7654 -1.5
    endloop
  endfacet
  facet normal 0.427955 0.9038 -0
    outer loop
      vertex -92.7654 77.1522 -1.5
      vertex -92.9428 77.2362 1.5
      vertex -92.7654 77.1522 1.5
    endloop
  endfacet
  facet normal 0.427955 0.9038 0
    outer loop
      vertex -92.9428 77.2362 1.5
      vertex -92.7654 77.1522 -1.5
      vertex -92.9428 77.2362 -1.5
    endloop
  endfacet
  facet normal 0.94158 0.336788 0
    outer loop
      vertex -93.8478 78.2346 1.5
      vertex -93.9139 78.4194 -1.5
      vertex -93.9139 78.4194 1.5
    endloop
  endfacet
  facet normal 0.94158 0.336788 0
    outer loop
      vertex -93.9139 78.4194 -1.5
      vertex -93.8478 78.2346 1.5
      vertex -93.8478 78.2346 -1.5
    endloop
  endfacet
  facet normal 0.857673 -0.514196 0
    outer loop
      vertex -93.7638 79.9428 1.5
      vertex -93.6629 80.1111 -1.5
      vertex -93.6629 80.1111 1.5
    endloop
  endfacet
  facet normal 0.857673 -0.514196 0
    outer loop
      vertex -93.6629 80.1111 -1.5
      vertex -93.7638 79.9428 1.5
      vertex -93.7638 79.9428 -1.5
    endloop
  endfacet
  facet normal -0.80335 0.595508 0
    outer loop
      vertex -90.454 77.7312 -1.5
      vertex -90.3371 77.8889 1.5
      vertex -90.3371 77.8889 -1.5
    endloop
  endfacet
  facet normal -0.80335 0.595508 0
    outer loop
      vertex -90.3371 77.8889 1.5
      vertex -90.454 77.7312 -1.5
      vertex -90.454 77.7312 1.5
    endloop
  endfacet
  facet normal 0.740908 -0.671607 0
    outer loop
      vertex -93.546 80.2688 1.5
      vertex -93.4142 80.4142 -1.5
      vertex -93.4142 80.4142 1.5
    endloop
  endfacet
  facet normal 0.740908 -0.671607 0
    outer loop
      vertex -93.4142 80.4142 -1.5
      vertex -93.546 80.2688 1.5
      vertex -93.546 80.2688 -1.5
    endloop
  endfacet
  facet normal 0.9038 0.427955 0
    outer loop
      vertex -93.7638 78.0572 1.5
      vertex -93.8478 78.2346 -1.5
      vertex -93.8478 78.2346 1.5
    endloop
  endfacet
  facet normal 0.9038 0.427955 0
    outer loop
      vertex -93.8478 78.2346 -1.5
      vertex -93.7638 78.0572 1.5
      vertex -93.7638 78.0572 -1.5
    endloop
  endfacet
  facet normal 0.970023 -0.243015 0
    outer loop
      vertex -93.9616 79.3902 1.5
      vertex -93.9139 79.5806 -1.5
      vertex -93.9139 79.5806 1.5
    endloop
  endfacet
  facet normal 0.970023 -0.243015 0
    outer loop
      vertex -93.9139 79.5806 -1.5
      vertex -93.9616 79.3902 1.5
      vertex -93.9616 79.3902 -1.5
    endloop
  endfacet
  facet normal 0.989182 0.146696 0
    outer loop
      vertex -93.9616 78.6098 1.5
      vertex -93.9904 78.804 -1.5
      vertex -93.9904 78.804 1.5
    endloop
  endfacet
  facet normal 0.989182 0.146696 0
    outer loop
      vertex -93.9904 78.804 -1.5
      vertex -93.9616 78.6098 1.5
      vertex -93.9616 78.6098 -1.5
    endloop
  endfacet
  facet normal 0.0489209 0.998803 -0
    outer loop
      vertex -92 77 -1.5
      vertex -92.196 77.0096 1.5
      vertex -92 77 1.5
    endloop
  endfacet
  facet normal 0.0489209 0.998803 0
    outer loop
      vertex -92.196 77.0096 1.5
      vertex -92 77 -1.5
      vertex -92.196 77.0096 -1.5
    endloop
  endfacet
  facet normal 0.998803 -0.0489209 0
    outer loop
      vertex -94 79 1.5
      vertex -93.9904 79.196 -1.5
      vertex -93.9904 79.196 1.5
    endloop
  endfacet
  facet normal 0.998803 -0.0489209 0
    outer loop
      vertex -93.9904 79.196 -1.5
      vertex -94 79 1.5
      vertex -94 79 -1.5
    endloop
  endfacet
  facet normal -0.94158 0.336788 0
    outer loop
      vertex -90.1522 78.2346 -1.5
      vertex -90.0861 78.4194 1.5
      vertex -90.0861 78.4194 -1.5
    endloop
  endfacet
  facet normal -0.94158 0.336788 0
    outer loop
      vertex -90.0861 78.4194 1.5
      vertex -90.1522 78.2346 -1.5
      vertex -90.1522 78.2346 1.5
    endloop
  endfacet
  facet normal -0.0489209 -0.998803 0
    outer loop
      vertex 92 -77 -1.5
      vertex 92.196 -77.0096 1.5
      vertex 92 -77 1.5
    endloop
  endfacet
  facet normal -0.0489209 -0.998803 -0
    outer loop
      vertex 92.196 -77.0096 1.5
      vertex 92 -77 -1.5
      vertex 92.196 -77.0096 -1.5
    endloop
  endfacet
  facet normal -0.989182 -0.146696 0
    outer loop
      vertex 93.9904 -78.804 -1.5
      vertex 93.9616 -78.6098 1.5
      vertex 93.9616 -78.6098 -1.5
    endloop
  endfacet
  facet normal -0.989182 -0.146696 0
    outer loop
      vertex 93.9616 -78.6098 1.5
      vertex 93.9904 -78.804 -1.5
      vertex 93.9904 -78.804 1.5
    endloop
  endfacet
  facet normal -0.998803 -0.0489209 0
    outer loop
      vertex 94 -79 -1.5
      vertex 93.9904 -78.804 1.5
      vertex 93.9904 -78.804 -1.5
    endloop
  endfacet
  facet normal -0.998803 -0.0489209 0
    outer loop
      vertex 93.9904 -78.804 1.5
      vertex 94 -79 -1.5
      vertex 94 -79 1.5
    endloop
  endfacet
  facet normal -0.970023 -0.243015 0
    outer loop
      vertex 93.9616 -78.6098 -1.5
      vertex 93.9139 -78.4194 1.5
      vertex 93.9139 -78.4194 -1.5
    endloop
  endfacet
  facet normal -0.970023 -0.243015 0
    outer loop
      vertex 93.9139 -78.4194 1.5
      vertex 93.9616 -78.6098 -1.5
      vertex 93.9616 -78.6098 1.5
    endloop
  endfacet
  facet normal 0.146696 -0.989182 0
    outer loop
      vertex 91.6098 -77.0384 -1.5
      vertex 91.804 -77.0096 1.5
      vertex 91.6098 -77.0384 1.5
    endloop
  endfacet
  facet normal 0.146696 -0.989182 0
    outer loop
      vertex 91.804 -77.0096 1.5
      vertex 91.6098 -77.0384 -1.5
      vertex 91.804 -77.0096 -1.5
    endloop
  endfacet
  facet normal -0.80335 -0.595508 0
    outer loop
      vertex 93.6629 -77.8889 -1.5
      vertex 93.546 -77.7312 1.5
      vertex 93.546 -77.7312 -1.5
    endloop
  endfacet
  facet normal -0.80335 -0.595508 0
    outer loop
      vertex 93.546 -77.7312 1.5
      vertex 93.6629 -77.8889 -1.5
      vertex 93.6629 -77.8889 1.5
    endloop
  endfacet
  facet normal 0.671607 0.740908 -0
    outer loop
      vertex 90.7312 -80.546 -1.5
      vertex 90.5858 -80.4142 1.5
      vertex 90.7312 -80.546 1.5
    endloop
  endfacet
  facet normal 0.671607 0.740908 0
    outer loop
      vertex 90.5858 -80.4142 1.5
      vertex 90.7312 -80.546 -1.5
      vertex 90.5858 -80.4142 -1.5
    endloop
  endfacet
  facet normal -0.595508 -0.80335 0
    outer loop
      vertex 93.1111 -77.3371 -1.5
      vertex 93.2688 -77.454 1.5
      vertex 93.1111 -77.3371 1.5
    endloop
  endfacet
  facet normal -0.595508 -0.80335 -0
    outer loop
      vertex 93.2688 -77.454 1.5
      vertex 93.1111 -77.3371 -1.5
      vertex 93.2688 -77.454 -1.5
    endloop
  endfacet
  facet normal -0.998803 0.0489209 0
    outer loop
      vertex 93.9904 -79.196 -1.5
      vertex 94 -79 1.5
      vertex 94 -79 -1.5
    endloop
  endfacet
  facet normal -0.998803 0.0489209 0
    outer loop
      vertex 94 -79 1.5
      vertex 93.9904 -79.196 -1.5
      vertex 93.9904 -79.196 1.5
    endloop
  endfacet
  facet normal 0.243015 -0.970023 0
    outer loop
      vertex 91.4194 -77.0861 -1.5
      vertex 91.6098 -77.0384 1.5
      vertex 91.4194 -77.0861 1.5
    endloop
  endfacet
  facet normal 0.243015 -0.970023 0
    outer loop
      vertex 91.6098 -77.0384 1.5
      vertex 91.4194 -77.0861 -1.5
      vertex 91.6098 -77.0384 -1.5
    endloop
  endfacet
  facet normal -0.427955 -0.9038 0
    outer loop
      vertex 92.7654 -77.1522 -1.5
      vertex 92.9428 -77.2362 1.5
      vertex 92.7654 -77.1522 1.5
    endloop
  endfacet
  facet normal -0.427955 -0.9038 -0
    outer loop
      vertex 92.9428 -77.2362 1.5
      vertex 92.7654 -77.1522 -1.5
      vertex 92.9428 -77.2362 -1.5
    endloop
  endfacet
  facet normal -0.0489209 0.998803 0
    outer loop
      vertex 92.196 -80.9904 -1.5
      vertex 92 -81 1.5
      vertex 92.196 -80.9904 1.5
    endloop
  endfacet
  facet normal -0.0489209 0.998803 0
    outer loop
      vertex 92 -81 1.5
      vertex 92.196 -80.9904 -1.5
      vertex 92 -81 -1.5
    endloop
  endfacet
  facet normal -0.514196 0.857673 0
    outer loop
      vertex 93.1111 -80.6629 -1.5
      vertex 92.9428 -80.7638 1.5
      vertex 93.1111 -80.6629 1.5
    endloop
  endfacet
  facet normal -0.514196 0.857673 0
    outer loop
      vertex 92.9428 -80.7638 1.5
      vertex 93.1111 -80.6629 -1.5
      vertex 92.9428 -80.7638 -1.5
    endloop
  endfacet
  facet normal 0.740908 0.671607 0
    outer loop
      vertex 90.5858 -80.4142 1.5
      vertex 90.454 -80.2688 -1.5
      vertex 90.454 -80.2688 1.5
    endloop
  endfacet
  facet normal 0.740908 0.671607 0
    outer loop
      vertex 90.454 -80.2688 -1.5
      vertex 90.5858 -80.4142 1.5
      vertex 90.5858 -80.4142 -1.5
    endloop
  endfacet
  facet normal 0.427955 -0.9038 0
    outer loop
      vertex 91.0572 -77.2362 -1.5
      vertex 91.2346 -77.1522 1.5
      vertex 91.0572 -77.2362 1.5
    endloop
  endfacet
  facet normal 0.427955 -0.9038 0
    outer loop
      vertex 91.2346 -77.1522 1.5
      vertex 91.0572 -77.2362 -1.5
      vertex 91.2346 -77.1522 -1.5
    endloop
  endfacet
  facet normal -0.9038 0.427955 0
    outer loop
      vertex 93.7638 -79.9428 -1.5
      vertex 93.8478 -79.7654 1.5
      vertex 93.8478 -79.7654 -1.5
    endloop
  endfacet
  facet normal -0.9038 0.427955 0
    outer loop
      vertex 93.8478 -79.7654 1.5
      vertex 93.7638 -79.9428 -1.5
      vertex 93.7638 -79.9428 1.5
    endloop
  endfacet
  facet normal 0.9038 0.427955 0
    outer loop
      vertex 90.2362 -79.9428 1.5
      vertex 90.1522 -79.7654 -1.5
      vertex 90.1522 -79.7654 1.5
    endloop
  endfacet
  facet normal 0.9038 0.427955 0
    outer loop
      vertex 90.1522 -79.7654 -1.5
      vertex 90.2362 -79.9428 1.5
      vertex 90.2362 -79.9428 -1.5
    endloop
  endfacet
  facet normal 0.514196 -0.857673 0
    outer loop
      vertex 90.8889 -77.3371 -1.5
      vertex 91.0572 -77.2362 1.5
      vertex 90.8889 -77.3371 1.5
    endloop
  endfacet
  facet normal 0.514196 -0.857673 0
    outer loop
      vertex 91.0572 -77.2362 1.5
      vertex 90.8889 -77.3371 -1.5
      vertex 91.0572 -77.2362 -1.5
    endloop
  endfacet
  facet normal -0.740908 -0.671607 0
    outer loop
      vertex 93.546 -77.7312 -1.5
      vertex 93.4142 -77.5858 1.5
      vertex 93.4142 -77.5858 -1.5
    endloop
  endfacet
  facet normal -0.740908 -0.671607 0
    outer loop
      vertex 93.4142 -77.5858 1.5
      vertex 93.546 -77.7312 -1.5
      vertex 93.546 -77.7312 1.5
    endloop
  endfacet
  facet normal 0.336788 0.94158 -0
    outer loop
      vertex 91.4194 -80.9139 -1.5
      vertex 91.2346 -80.8478 1.5
      vertex 91.4194 -80.9139 1.5
    endloop
  endfacet
  facet normal 0.336788 0.94158 0
    outer loop
      vertex 91.2346 -80.8478 1.5
      vertex 91.4194 -80.9139 -1.5
      vertex 91.2346 -80.8478 -1.5
    endloop
  endfacet
  facet normal 0.0489209 -0.998803 0
    outer loop
      vertex 91.804 -77.0096 -1.5
      vertex 92 -77 1.5
      vertex 91.804 -77.0096 1.5
    endloop
  endfacet
  facet normal 0.0489209 -0.998803 0
    outer loop
      vertex 92 -77 1.5
      vertex 91.804 -77.0096 -1.5
      vertex 92 -77 -1.5
    endloop
  endfacet
  facet normal 0.998803 0.0489209 0
    outer loop
      vertex 90.0096 -79.196 1.5
      vertex 90 -79 -1.5
      vertex 90 -79 1.5
    endloop
  endfacet
  facet normal 0.998803 0.0489209 0
    outer loop
      vertex 90 -79 -1.5
      vertex 90.0096 -79.196 1.5
      vertex 90.0096 -79.196 -1.5
    endloop
  endfacet
  facet normal 0.857673 0.514196 0
    outer loop
      vertex 90.3371 -80.1111 1.5
      vertex 90.2362 -79.9428 -1.5
      vertex 90.2362 -79.9428 1.5
    endloop
  endfacet
  facet normal 0.857673 0.514196 0
    outer loop
      vertex 90.2362 -79.9428 -1.5
      vertex 90.3371 -80.1111 1.5
      vertex 90.3371 -80.1111 -1.5
    endloop
  endfacet
  facet normal 0.514196 0.857673 -0
    outer loop
      vertex 91.0572 -80.7638 -1.5
      vertex 90.8889 -80.6629 1.5
      vertex 91.0572 -80.7638 1.5
    endloop
  endfacet
  facet normal 0.514196 0.857673 0
    outer loop
      vertex 90.8889 -80.6629 1.5
      vertex 91.0572 -80.7638 -1.5
      vertex 90.8889 -80.6629 -1.5
    endloop
  endfacet
  facet normal -0.336788 -0.94158 0
    outer loop
      vertex 92.5806 -77.0861 -1.5
      vertex 92.7654 -77.1522 1.5
      vertex 92.5806 -77.0861 1.5
    endloop
  endfacet
  facet normal -0.336788 -0.94158 -0
    outer loop
      vertex 92.7654 -77.1522 1.5
      vertex 92.5806 -77.0861 -1.5
      vertex 92.7654 -77.1522 -1.5
    endloop
  endfacet
  facet normal 0.989182 -0.146696 0
    outer loop
      vertex 90.0096 -78.804 1.5
      vertex 90.0384 -78.6098 -1.5
      vertex 90.0384 -78.6098 1.5
    endloop
  endfacet
  facet normal 0.989182 -0.146696 0
    outer loop
      vertex 90.0384 -78.6098 -1.5
      vertex 90.0096 -78.804 1.5
      vertex 90.0096 -78.804 -1.5
    endloop
  endfacet
  facet normal 0.80335 -0.595508 0
    outer loop
      vertex 90.3371 -77.8889 1.5
      vertex 90.454 -77.7312 -1.5
      vertex 90.454 -77.7312 1.5
    endloop
  endfacet
  facet normal 0.80335 -0.595508 0
    outer loop
      vertex 90.454 -77.7312 -1.5
      vertex 90.3371 -77.8889 1.5
      vertex 90.3371 -77.8889 -1.5
    endloop
  endfacet
  facet normal -0.9038 -0.427955 0
    outer loop
      vertex 93.8478 -78.2346 -1.5
      vertex 93.7638 -78.0572 1.5
      vertex 93.7638 -78.0572 -1.5
    endloop
  endfacet
  facet normal -0.9038 -0.427955 0
    outer loop
      vertex 93.7638 -78.0572 1.5
      vertex 93.8478 -78.2346 -1.5
      vertex 93.8478 -78.2346 1.5
    endloop
  endfacet
  facet normal 0.146696 0.989182 -0
    outer loop
      vertex 91.804 -80.9904 -1.5
      vertex 91.6098 -80.9616 1.5
      vertex 91.804 -80.9904 1.5
    endloop
  endfacet
  facet normal 0.146696 0.989182 0
    outer loop
      vertex 91.6098 -80.9616 1.5
      vertex 91.804 -80.9904 -1.5
      vertex 91.6098 -80.9616 -1.5
    endloop
  endfacet
  facet normal -0.146696 0.989182 0
    outer loop
      vertex 92.3902 -80.9616 -1.5
      vertex 92.196 -80.9904 1.5
      vertex 92.3902 -80.9616 1.5
    endloop
  endfacet
  facet normal -0.146696 0.989182 0
    outer loop
      vertex 92.196 -80.9904 1.5
      vertex 92.3902 -80.9616 -1.5
      vertex 92.196 -80.9904 -1.5
    endloop
  endfacet
  facet normal 0.970023 -0.243015 0
    outer loop
      vertex 90.0384 -78.6098 1.5
      vertex 90.0861 -78.4194 -1.5
      vertex 90.0861 -78.4194 1.5
    endloop
  endfacet
  facet normal 0.970023 -0.243015 0
    outer loop
      vertex 90.0861 -78.4194 -1.5
      vertex 90.0384 -78.6098 1.5
      vertex 90.0384 -78.6098 -1.5
    endloop
  endfacet
  facet normal -0.514196 -0.857673 0
    outer loop
      vertex 92.9428 -77.2362 -1.5
      vertex 93.1111 -77.3371 1.5
      vertex 92.9428 -77.2362 1.5
    endloop
  endfacet
  facet normal -0.514196 -0.857673 -0
    outer loop
      vertex 93.1111 -77.3371 1.5
      vertex 92.9428 -77.2362 -1.5
      vertex 93.1111 -77.3371 -1.5
    endloop
  endfacet
  facet normal 0.243015 0.970023 -0
    outer loop
      vertex 91.6098 -80.9616 -1.5
      vertex 91.4194 -80.9139 1.5
      vertex 91.6098 -80.9616 1.5
    endloop
  endfacet
  facet normal 0.243015 0.970023 0
    outer loop
      vertex 91.4194 -80.9139 1.5
      vertex 91.6098 -80.9616 -1.5
      vertex 91.4194 -80.9139 -1.5
    endloop
  endfacet
  facet normal 0.671607 -0.740908 0
    outer loop
      vertex 90.5858 -77.5858 -1.5
      vertex 90.7312 -77.454 1.5
      vertex 90.5858 -77.5858 1.5
    endloop
  endfacet
  facet normal 0.671607 -0.740908 0
    outer loop
      vertex 90.7312 -77.454 1.5
      vertex 90.5858 -77.5858 -1.5
      vertex 90.7312 -77.454 -1.5
    endloop
  endfacet
  facet normal -0.857673 0.514196 0
    outer loop
      vertex 93.6629 -80.1111 -1.5
      vertex 93.7638 -79.9428 1.5
      vertex 93.7638 -79.9428 -1.5
    endloop
  endfacet
  facet normal -0.857673 0.514196 0
    outer loop
      vertex 93.7638 -79.9428 1.5
      vertex 93.6629 -80.1111 -1.5
      vertex 93.6629 -80.1111 1.5
    endloop
  endfacet
  facet normal -0.94158 -0.336788 0
    outer loop
      vertex 93.9139 -78.4194 -1.5
      vertex 93.8478 -78.2346 1.5
      vertex 93.8478 -78.2346 -1.5
    endloop
  endfacet
  facet normal -0.94158 -0.336788 0
    outer loop
      vertex 93.8478 -78.2346 1.5
      vertex 93.9139 -78.4194 -1.5
      vertex 93.9139 -78.4194 1.5
    endloop
  endfacet
  facet normal 0.989182 0.146696 0
    outer loop
      vertex 90.0384 -79.3902 1.5
      vertex 90.0096 -79.196 -1.5
      vertex 90.0096 -79.196 1.5
    endloop
  endfacet
  facet normal 0.989182 0.146696 0
    outer loop
      vertex 90.0096 -79.196 -1.5
      vertex 90.0384 -79.3902 1.5
      vertex 90.0384 -79.3902 -1.5
    endloop
  endfacet
  facet normal -0.427955 0.9038 0
    outer loop
      vertex 92.9428 -80.7638 -1.5
      vertex 92.7654 -80.8478 1.5
      vertex 92.9428 -80.7638 1.5
    endloop
  endfacet
  facet normal -0.427955 0.9038 0
    outer loop
      vertex 92.7654 -80.8478 1.5
      vertex 92.9428 -80.7638 -1.5
      vertex 92.7654 -80.8478 -1.5
    endloop
  endfacet
  facet normal -0.336788 0.94158 0
    outer loop
      vertex 92.7654 -80.8478 -1.5
      vertex 92.5806 -80.9139 1.5
      vertex 92.7654 -80.8478 1.5
    endloop
  endfacet
  facet normal -0.336788 0.94158 0
    outer loop
      vertex 92.5806 -80.9139 1.5
      vertex 92.7654 -80.8478 -1.5
      vertex 92.5806 -80.9139 -1.5
    endloop
  endfacet
  facet normal 0.80335 0.595508 0
    outer loop
      vertex 90.454 -80.2688 1.5
      vertex 90.3371 -80.1111 -1.5
      vertex 90.3371 -80.1111 1.5
    endloop
  endfacet
  facet normal 0.80335 0.595508 0
    outer loop
      vertex 90.3371 -80.1111 -1.5
      vertex 90.454 -80.2688 1.5
      vertex 90.454 -80.2688 -1.5
    endloop
  endfacet
  facet normal 0.0489209 0.998803 -0
    outer loop
      vertex 92 -81 -1.5
      vertex 91.804 -80.9904 1.5
      vertex 92 -81 1.5
    endloop
  endfacet
  facet normal 0.0489209 0.998803 0
    outer loop
      vertex 91.804 -80.9904 1.5
      vertex 92 -81 -1.5
      vertex 91.804 -80.9904 -1.5
    endloop
  endfacet
  facet normal 0.336788 -0.94158 0
    outer loop
      vertex 91.2346 -77.1522 -1.5
      vertex 91.4194 -77.0861 1.5
      vertex 91.2346 -77.1522 1.5
    endloop
  endfacet
  facet normal 0.336788 -0.94158 0
    outer loop
      vertex 91.4194 -77.0861 1.5
      vertex 91.2346 -77.1522 -1.5
      vertex 91.4194 -77.0861 -1.5
    endloop
  endfacet
  facet normal -0.671607 -0.740908 0
    outer loop
      vertex 93.2688 -77.454 -1.5
      vertex 93.4142 -77.5858 1.5
      vertex 93.2688 -77.454 1.5
    endloop
  endfacet
  facet normal -0.671607 -0.740908 -0
    outer loop
      vertex 93.4142 -77.5858 1.5
      vertex 93.2688 -77.454 -1.5
      vertex 93.4142 -77.5858 -1.5
    endloop
  endfacet
  facet normal -0.146696 -0.989182 0
    outer loop
      vertex 92.196 -77.0096 -1.5
      vertex 92.3902 -77.0384 1.5
      vertex 92.196 -77.0096 1.5
    endloop
  endfacet
  facet normal -0.146696 -0.989182 -0
    outer loop
      vertex 92.3902 -77.0384 1.5
      vertex 92.196 -77.0096 -1.5
      vertex 92.3902 -77.0384 -1.5
    endloop
  endfacet
  facet normal -0.857673 -0.514196 0
    outer loop
      vertex 93.7638 -78.0572 -1.5
      vertex 93.6629 -77.8889 1.5
      vertex 93.6629 -77.8889 -1.5
    endloop
  endfacet
  facet normal -0.857673 -0.514196 0
    outer loop
      vertex 93.6629 -77.8889 1.5
      vertex 93.7638 -78.0572 -1.5
      vertex 93.7638 -78.0572 1.5
    endloop
  endfacet
  facet normal 0.998803 -0.0489209 0
    outer loop
      vertex 90 -79 1.5
      vertex 90.0096 -78.804 -1.5
      vertex 90.0096 -78.804 1.5
    endloop
  endfacet
  facet normal 0.998803 -0.0489209 0
    outer loop
      vertex 90.0096 -78.804 -1.5
      vertex 90 -79 1.5
      vertex 90 -79 -1.5
    endloop
  endfacet
  facet normal -0.595508 0.80335 0
    outer loop
      vertex 93.2688 -80.546 -1.5
      vertex 93.1111 -80.6629 1.5
      vertex 93.2688 -80.546 1.5
    endloop
  endfacet
  facet normal -0.595508 0.80335 0
    outer loop
      vertex 93.1111 -80.6629 1.5
      vertex 93.2688 -80.546 -1.5
      vertex 93.1111 -80.6629 -1.5
    endloop
  endfacet
  facet normal 0.740908 -0.671607 0
    outer loop
      vertex 90.454 -77.7312 1.5
      vertex 90.5858 -77.5858 -1.5
      vertex 90.5858 -77.5858 1.5
    endloop
  endfacet
  facet normal 0.740908 -0.671607 0
    outer loop
      vertex 90.5858 -77.5858 -1.5
      vertex 90.454 -77.7312 1.5
      vertex 90.454 -77.7312 -1.5
    endloop
  endfacet
  facet normal 0.94158 0.336788 0
    outer loop
      vertex 90.1522 -79.7654 1.5
      vertex 90.0861 -79.5806 -1.5
      vertex 90.0861 -79.5806 1.5
    endloop
  endfacet
  facet normal 0.94158 0.336788 0
    outer loop
      vertex 90.0861 -79.5806 -1.5
      vertex 90.1522 -79.7654 1.5
      vertex 90.1522 -79.7654 -1.5
    endloop
  endfacet
  facet normal -0.243015 0.970023 0
    outer loop
      vertex 92.5806 -80.9139 -1.5
      vertex 92.3902 -80.9616 1.5
      vertex 92.5806 -80.9139 1.5
    endloop
  endfacet
  facet normal -0.243015 0.970023 0
    outer loop
      vertex 92.3902 -80.9616 1.5
      vertex 92.5806 -80.9139 -1.5
      vertex 92.3902 -80.9616 -1.5
    endloop
  endfacet
  facet normal -0.970023 0.243015 0
    outer loop
      vertex 93.9139 -79.5806 -1.5
      vertex 93.9616 -79.3902 1.5
      vertex 93.9616 -79.3902 -1.5
    endloop
  endfacet
  facet normal -0.970023 0.243015 0
    outer loop
      vertex 93.9616 -79.3902 1.5
      vertex 93.9139 -79.5806 -1.5
      vertex 93.9139 -79.5806 1.5
    endloop
  endfacet
  facet normal -0.80335 0.595508 0
    outer loop
      vertex 93.546 -80.2688 -1.5
      vertex 93.6629 -80.1111 1.5
      vertex 93.6629 -80.1111 -1.5
    endloop
  endfacet
  facet normal -0.80335 0.595508 0
    outer loop
      vertex 93.6629 -80.1111 1.5
      vertex 93.546 -80.2688 -1.5
      vertex 93.546 -80.2688 1.5
    endloop
  endfacet
  facet normal 0.9038 -0.427955 0
    outer loop
      vertex 90.1522 -78.2346 1.5
      vertex 90.2362 -78.0572 -1.5
      vertex 90.2362 -78.0572 1.5
    endloop
  endfacet
  facet normal 0.9038 -0.427955 0
    outer loop
      vertex 90.2362 -78.0572 -1.5
      vertex 90.1522 -78.2346 1.5
      vertex 90.1522 -78.2346 -1.5
    endloop
  endfacet
  facet normal 0.970023 0.243015 0
    outer loop
      vertex 90.0861 -79.5806 1.5
      vertex 90.0384 -79.3902 -1.5
      vertex 90.0384 -79.3902 1.5
    endloop
  endfacet
  facet normal 0.970023 0.243015 0
    outer loop
      vertex 90.0384 -79.3902 -1.5
      vertex 90.0861 -79.5806 1.5
      vertex 90.0861 -79.5806 -1.5
    endloop
  endfacet
  facet normal -0.243015 -0.970023 0
    outer loop
      vertex 92.3902 -77.0384 -1.5
      vertex 92.5806 -77.0861 1.5
      vertex 92.3902 -77.0384 1.5
    endloop
  endfacet
  facet normal -0.243015 -0.970023 -0
    outer loop
      vertex 92.5806 -77.0861 1.5
      vertex 92.3902 -77.0384 -1.5
      vertex 92.5806 -77.0861 -1.5
    endloop
  endfacet
  facet normal -0.671607 0.740908 0
    outer loop
      vertex 93.4142 -80.4142 -1.5
      vertex 93.2688 -80.546 1.5
      vertex 93.4142 -80.4142 1.5
    endloop
  endfacet
  facet normal -0.671607 0.740908 0
    outer loop
      vertex 93.2688 -80.546 1.5
      vertex 93.4142 -80.4142 -1.5
      vertex 93.2688 -80.546 -1.5
    endloop
  endfacet
  facet normal 0.595508 -0.80335 0
    outer loop
      vertex 90.7312 -77.454 -1.5
      vertex 90.8889 -77.3371 1.5
      vertex 90.7312 -77.454 1.5
    endloop
  endfacet
  facet normal 0.595508 -0.80335 0
    outer loop
      vertex 90.8889 -77.3371 1.5
      vertex 90.7312 -77.454 -1.5
      vertex 90.8889 -77.3371 -1.5
    endloop
  endfacet
  facet normal 0.94158 -0.336788 0
    outer loop
      vertex 90.0861 -78.4194 1.5
      vertex 90.1522 -78.2346 -1.5
      vertex 90.1522 -78.2346 1.5
    endloop
  endfacet
  facet normal 0.94158 -0.336788 0
    outer loop
      vertex 90.1522 -78.2346 -1.5
      vertex 90.0861 -78.4194 1.5
      vertex 90.0861 -78.4194 -1.5
    endloop
  endfacet
  facet normal -0.94158 0.336788 0
    outer loop
      vertex 93.8478 -79.7654 -1.5
      vertex 93.9139 -79.5806 1.5
      vertex 93.9139 -79.5806 -1.5
    endloop
  endfacet
  facet normal -0.94158 0.336788 0
    outer loop
      vertex 93.9139 -79.5806 1.5
      vertex 93.8478 -79.7654 -1.5
      vertex 93.8478 -79.7654 1.5
    endloop
  endfacet
  facet normal -0.989182 0.146696 0
    outer loop
      vertex 93.9616 -79.3902 -1.5
      vertex 93.9904 -79.196 1.5
      vertex 93.9904 -79.196 -1.5
    endloop
  endfacet
  facet normal -0.989182 0.146696 0
    outer loop
      vertex 93.9904 -79.196 1.5
      vertex 93.9616 -79.3902 -1.5
      vertex 93.9616 -79.3902 1.5
    endloop
  endfacet
  facet normal -0.740908 0.671607 0
    outer loop
      vertex 93.4142 -80.4142 -1.5
      vertex 93.546 -80.2688 1.5
      vertex 93.546 -80.2688 -1.5
    endloop
  endfacet
  facet normal -0.740908 0.671607 0
    outer loop
      vertex 93.546 -80.2688 1.5
      vertex 93.4142 -80.4142 -1.5
      vertex 93.4142 -80.4142 1.5
    endloop
  endfacet
  facet normal 0.427955 0.9038 -0
    outer loop
      vertex 91.2346 -80.8478 -1.5
      vertex 91.0572 -80.7638 1.5
      vertex 91.2346 -80.8478 1.5
    endloop
  endfacet
  facet normal 0.427955 0.9038 0
    outer loop
      vertex 91.0572 -80.7638 1.5
      vertex 91.2346 -80.8478 -1.5
      vertex 91.0572 -80.7638 -1.5
    endloop
  endfacet
  facet normal 0.857673 -0.514196 0
    outer loop
      vertex 90.2362 -78.0572 1.5
      vertex 90.3371 -77.8889 -1.5
      vertex 90.3371 -77.8889 1.5
    endloop
  endfacet
  facet normal 0.857673 -0.514196 0
    outer loop
      vertex 90.3371 -77.8889 -1.5
      vertex 90.2362 -78.0572 1.5
      vertex 90.2362 -78.0572 -1.5
    endloop
  endfacet
  facet normal 0.595508 0.80335 -0
    outer loop
      vertex 90.8889 -80.6629 -1.5
      vertex 90.7312 -80.546 1.5
      vertex 90.8889 -80.6629 1.5
    endloop
  endfacet
  facet normal 0.595508 0.80335 0
    outer loop
      vertex 90.7312 -80.546 1.5
      vertex 90.8889 -80.6629 -1.5
      vertex 90.7312 -80.546 -1.5
    endloop
  endfacet
  facet normal -0.989182 -0.146696 0
    outer loop
      vertex 93.9904 79.196 -1.5
      vertex 93.9616 79.3902 1.5
      vertex 93.9616 79.3902 -1.5
    endloop
  endfacet
  facet normal -0.989182 -0.146696 0
    outer loop
      vertex 93.9616 79.3902 1.5
      vertex 93.9904 79.196 -1.5
      vertex 93.9904 79.196 1.5
    endloop
  endfacet
  facet normal -0.998803 -0.0489209 0
    outer loop
      vertex 94 79 -1.5
      vertex 93.9904 79.196 1.5
      vertex 93.9904 79.196 -1.5
    endloop
  endfacet
  facet normal -0.998803 -0.0489209 0
    outer loop
      vertex 93.9904 79.196 1.5
      vertex 94 79 -1.5
      vertex 94 79 1.5
    endloop
  endfacet
  facet normal -0.970023 -0.243015 0
    outer loop
      vertex 93.9616 79.3902 -1.5
      vertex 93.9139 79.5806 1.5
      vertex 93.9139 79.5806 -1.5
    endloop
  endfacet
  facet normal -0.970023 -0.243015 0
    outer loop
      vertex 93.9139 79.5806 1.5
      vertex 93.9616 79.3902 -1.5
      vertex 93.9616 79.3902 1.5
    endloop
  endfacet
  facet normal 0.671607 0.740908 -0
    outer loop
      vertex 90.7312 77.454 -1.5
      vertex 90.5858 77.5858 1.5
      vertex 90.7312 77.454 1.5
    endloop
  endfacet
  facet normal 0.671607 0.740908 0
    outer loop
      vertex 90.5858 77.5858 1.5
      vertex 90.7312 77.454 -1.5
      vertex 90.5858 77.5858 -1.5
    endloop
  endfacet
  facet normal -0.94158 -0.336788 0
    outer loop
      vertex 93.9139 79.5806 -1.5
      vertex 93.8478 79.7654 1.5
      vertex 93.8478 79.7654 -1.5
    endloop
  endfacet
  facet normal -0.94158 -0.336788 0
    outer loop
      vertex 93.8478 79.7654 1.5
      vertex 93.9139 79.5806 -1.5
      vertex 93.9139 79.5806 1.5
    endloop
  endfacet
  facet normal -0.336788 -0.94158 0
    outer loop
      vertex 92.5806 80.9139 -1.5
      vertex 92.7654 80.8478 1.5
      vertex 92.5806 80.9139 1.5
    endloop
  endfacet
  facet normal -0.336788 -0.94158 -0
    outer loop
      vertex 92.7654 80.8478 1.5
      vertex 92.5806 80.9139 -1.5
      vertex 92.7654 80.8478 -1.5
    endloop
  endfacet
  facet normal 0.0489209 0.998803 -0
    outer loop
      vertex 92 77 -1.5
      vertex 91.804 77.0096 1.5
      vertex 92 77 1.5
    endloop
  endfacet
  facet normal 0.0489209 0.998803 0
    outer loop
      vertex 91.804 77.0096 1.5
      vertex 92 77 -1.5
      vertex 91.804 77.0096 -1.5
    endloop
  endfacet
  facet normal -0.94158 0.336788 0
    outer loop
      vertex 93.8478 78.2346 -1.5
      vertex 93.9139 78.4194 1.5
      vertex 93.9139 78.4194 -1.5
    endloop
  endfacet
  facet normal -0.94158 0.336788 0
    outer loop
      vertex 93.9139 78.4194 1.5
      vertex 93.8478 78.2346 -1.5
      vertex 93.8478 78.2346 1.5
    endloop
  endfacet
  facet normal 0.427955 -0.9038 0
    outer loop
      vertex 91.0572 80.7638 -1.5
      vertex 91.2346 80.8478 1.5
      vertex 91.0572 80.7638 1.5
    endloop
  endfacet
  facet normal 0.427955 -0.9038 0
    outer loop
      vertex 91.2346 80.8478 1.5
      vertex 91.0572 80.7638 -1.5
      vertex 91.2346 80.8478 -1.5
    endloop
  endfacet
  facet normal -0.671607 -0.740908 0
    outer loop
      vertex 93.2688 80.546 -1.5
      vertex 93.4142 80.4142 1.5
      vertex 93.2688 80.546 1.5
    endloop
  endfacet
  facet normal -0.671607 -0.740908 -0
    outer loop
      vertex 93.4142 80.4142 1.5
      vertex 93.2688 80.546 -1.5
      vertex 93.4142 80.4142 -1.5
    endloop
  endfacet
  facet normal -0.243015 0.970023 0
    outer loop
      vertex 92.5806 77.0861 -1.5
      vertex 92.3902 77.0384 1.5
      vertex 92.5806 77.0861 1.5
    endloop
  endfacet
  facet normal -0.243015 0.970023 0
    outer loop
      vertex 92.3902 77.0384 1.5
      vertex 92.5806 77.0861 -1.5
      vertex 92.3902 77.0384 -1.5
    endloop
  endfacet
  facet normal -0.146696 -0.989182 0
    outer loop
      vertex 92.196 80.9904 -1.5
      vertex 92.3902 80.9616 1.5
      vertex 92.196 80.9904 1.5
    endloop
  endfacet
  facet normal -0.146696 -0.989182 -0
    outer loop
      vertex 92.3902 80.9616 1.5
      vertex 92.196 80.9904 -1.5
      vertex 92.3902 80.9616 -1.5
    endloop
  endfacet
  facet normal 0.970023 -0.243015 0
    outer loop
      vertex 90.0384 79.3902 1.5
      vertex 90.0861 79.5806 -1.5
      vertex 90.0861 79.5806 1.5
    endloop
  endfacet
  facet normal 0.970023 -0.243015 0
    outer loop
      vertex 90.0861 79.5806 -1.5
      vertex 90.0384 79.3902 1.5
      vertex 90.0384 79.3902 -1.5
    endloop
  endfacet
  facet normal 0.9038 0.427955 0
    outer loop
      vertex 90.2362 78.0572 1.5
      vertex 90.1522 78.2346 -1.5
      vertex 90.1522 78.2346 1.5
    endloop
  endfacet
  facet normal 0.9038 0.427955 0
    outer loop
      vertex 90.1522 78.2346 -1.5
      vertex 90.2362 78.0572 1.5
      vertex 90.2362 78.0572 -1.5
    endloop
  endfacet
  facet normal -0.80335 0.595508 0
    outer loop
      vertex 93.546 77.7312 -1.5
      vertex 93.6629 77.8889 1.5
      vertex 93.6629 77.8889 -1.5
    endloop
  endfacet
  facet normal -0.80335 0.595508 0
    outer loop
      vertex 93.6629 77.8889 1.5
      vertex 93.546 77.7312 -1.5
      vertex 93.546 77.7312 1.5
    endloop
  endfacet
  facet normal 0.80335 0.595508 0
    outer loop
      vertex 90.454 77.7312 1.5
      vertex 90.3371 77.8889 -1.5
      vertex 90.3371 77.8889 1.5
    endloop
  endfacet
  facet normal 0.80335 0.595508 0
    outer loop
      vertex 90.3371 77.8889 -1.5
      vertex 90.454 77.7312 1.5
      vertex 90.454 77.7312 -1.5
    endloop
  endfacet
  facet normal -0.989182 0.146696 0
    outer loop
      vertex 93.9616 78.6098 -1.5
      vertex 93.9904 78.804 1.5
      vertex 93.9904 78.804 -1.5
    endloop
  endfacet
  facet normal -0.989182 0.146696 0
    outer loop
      vertex 93.9904 78.804 1.5
      vertex 93.9616 78.6098 -1.5
      vertex 93.9616 78.6098 1.5
    endloop
  endfacet
  facet normal 0.146696 -0.989182 0
    outer loop
      vertex 91.6098 80.9616 -1.5
      vertex 91.804 80.9904 1.5
      vertex 91.6098 80.9616 1.5
    endloop
  endfacet
  facet normal 0.146696 -0.989182 0
    outer loop
      vertex 91.804 80.9904 1.5
      vertex 91.6098 80.9616 -1.5
      vertex 91.804 80.9904 -1.5
    endloop
  endfacet
  facet normal -0.0489209 -0.998803 0
    outer loop
      vertex 92 81 -1.5
      vertex 92.196 80.9904 1.5
      vertex 92 81 1.5
    endloop
  endfacet
  facet normal -0.0489209 -0.998803 -0
    outer loop
      vertex 92.196 80.9904 1.5
      vertex 92 81 -1.5
      vertex 92.196 80.9904 -1.5
    endloop
  endfacet
  facet normal 0.94158 0.336788 0
    outer loop
      vertex 90.1522 78.2346 1.5
      vertex 90.0861 78.4194 -1.5
      vertex 90.0861 78.4194 1.5
    endloop
  endfacet
  facet normal 0.94158 0.336788 0
    outer loop
      vertex 90.0861 78.4194 -1.5
      vertex 90.1522 78.2346 1.5
      vertex 90.1522 78.2346 -1.5
    endloop
  endfacet
  facet normal -0.427955 -0.9038 0
    outer loop
      vertex 92.7654 80.8478 -1.5
      vertex 92.9428 80.7638 1.5
      vertex 92.7654 80.8478 1.5
    endloop
  endfacet
  facet normal -0.427955 -0.9038 -0
    outer loop
      vertex 92.9428 80.7638 1.5
      vertex 92.7654 80.8478 -1.5
      vertex 92.9428 80.7638 -1.5
    endloop
  endfacet
  facet normal 0.857673 0.514196 0
    outer loop
      vertex 90.3371 77.8889 1.5
      vertex 90.2362 78.0572 -1.5
      vertex 90.2362 78.0572 1.5
    endloop
  endfacet
  facet normal 0.857673 0.514196 0
    outer loop
      vertex 90.2362 78.0572 -1.5
      vertex 90.3371 77.8889 1.5
      vertex 90.3371 77.8889 -1.5
    endloop
  endfacet
  facet normal 0.146696 0.989182 -0
    outer loop
      vertex 91.804 77.0096 -1.5
      vertex 91.6098 77.0384 1.5
      vertex 91.804 77.0096 1.5
    endloop
  endfacet
  facet normal 0.146696 0.989182 0
    outer loop
      vertex 91.6098 77.0384 1.5
      vertex 91.804 77.0096 -1.5
      vertex 91.6098 77.0384 -1.5
    endloop
  endfacet
  facet normal -0.671607 0.740908 0
    outer loop
      vertex 93.4142 77.5858 -1.5
      vertex 93.2688 77.454 1.5
      vertex 93.4142 77.5858 1.5
    endloop
  endfacet
  facet normal -0.671607 0.740908 0
    outer loop
      vertex 93.2688 77.454 1.5
      vertex 93.4142 77.5858 -1.5
      vertex 93.2688 77.454 -1.5
    endloop
  endfacet
  facet normal 0.336788 -0.94158 0
    outer loop
      vertex 91.2346 80.8478 -1.5
      vertex 91.4194 80.9139 1.5
      vertex 91.2346 80.8478 1.5
    endloop
  endfacet
  facet normal 0.336788 -0.94158 0
    outer loop
      vertex 91.4194 80.9139 1.5
      vertex 91.2346 80.8478 -1.5
      vertex 91.4194 80.9139 -1.5
    endloop
  endfacet
  facet normal -0.970023 0.243015 0
    outer loop
      vertex 93.9139 78.4194 -1.5
      vertex 93.9616 78.6098 1.5
      vertex 93.9616 78.6098 -1.5
    endloop
  endfacet
  facet normal -0.970023 0.243015 0
    outer loop
      vertex 93.9616 78.6098 1.5
      vertex 93.9139 78.4194 -1.5
      vertex 93.9139 78.4194 1.5
    endloop
  endfacet
  facet normal 0.671607 -0.740908 0
    outer loop
      vertex 90.5858 80.4142 -1.5
      vertex 90.7312 80.546 1.5
      vertex 90.5858 80.4142 1.5
    endloop
  endfacet
  facet normal 0.671607 -0.740908 0
    outer loop
      vertex 90.7312 80.546 1.5
      vertex 90.5858 80.4142 -1.5
      vertex 90.7312 80.546 -1.5
    endloop
  endfacet
  facet normal 0.595508 0.80335 -0
    outer loop
      vertex 90.8889 77.3371 -1.5
      vertex 90.7312 77.454 1.5
      vertex 90.8889 77.3371 1.5
    endloop
  endfacet
  facet normal 0.595508 0.80335 0
    outer loop
      vertex 90.7312 77.454 1.5
      vertex 90.8889 77.3371 -1.5
      vertex 90.7312 77.454 -1.5
    endloop
  endfacet
  facet normal -0.80335 -0.595508 0
    outer loop
      vertex 93.6629 80.1111 -1.5
      vertex 93.546 80.2688 1.5
      vertex 93.546 80.2688 -1.5
    endloop
  endfacet
  facet normal -0.80335 -0.595508 0
    outer loop
      vertex 93.546 80.2688 1.5
      vertex 93.6629 80.1111 -1.5
      vertex 93.6629 80.1111 1.5
    endloop
  endfacet
  facet normal 0.857673 -0.514196 0
    outer loop
      vertex 90.2362 79.9428 1.5
      vertex 90.3371 80.1111 -1.5
      vertex 90.3371 80.1111 1.5
    endloop
  endfacet
  facet normal 0.857673 -0.514196 0
    outer loop
      vertex 90.3371 80.1111 -1.5
      vertex 90.2362 79.9428 1.5
      vertex 90.2362 79.9428 -1.5
    endloop
  endfacet
  facet normal -0.998803 0.0489209 0
    outer loop
      vertex 93.9904 78.804 -1.5
      vertex 94 79 1.5
      vertex 94 79 -1.5
    endloop
  endfacet
  facet normal -0.998803 0.0489209 0
    outer loop
      vertex 94 79 1.5
      vertex 93.9904 78.804 -1.5
      vertex 93.9904 78.804 1.5
    endloop
  endfacet
  facet normal -0.336788 0.94158 0
    outer loop
      vertex 92.7654 77.1522 -1.5
      vertex 92.5806 77.0861 1.5
      vertex 92.7654 77.1522 1.5
    endloop
  endfacet
  facet normal -0.336788 0.94158 0
    outer loop
      vertex 92.5806 77.0861 1.5
      vertex 92.7654 77.1522 -1.5
      vertex 92.5806 77.0861 -1.5
    endloop
  endfacet
  facet normal 0.94158 -0.336788 0
    outer loop
      vertex 90.0861 79.5806 1.5
      vertex 90.1522 79.7654 -1.5
      vertex 90.1522 79.7654 1.5
    endloop
  endfacet
  facet normal 0.94158 -0.336788 0
    outer loop
      vertex 90.1522 79.7654 -1.5
      vertex 90.0861 79.5806 1.5
      vertex 90.0861 79.5806 -1.5
    endloop
  endfacet
  facet normal -0.595508 -0.80335 0
    outer loop
      vertex 93.1111 80.6629 -1.5
      vertex 93.2688 80.546 1.5
      vertex 93.1111 80.6629 1.5
    endloop
  endfacet
  facet normal -0.595508 -0.80335 -0
    outer loop
      vertex 93.2688 80.546 1.5
      vertex 93.1111 80.6629 -1.5
      vertex 93.2688 80.546 -1.5
    endloop
  endfacet
  facet normal -0.514196 -0.857673 0
    outer loop
      vertex 92.9428 80.7638 -1.5
      vertex 93.1111 80.6629 1.5
      vertex 92.9428 80.7638 1.5
    endloop
  endfacet
  facet normal -0.514196 -0.857673 -0
    outer loop
      vertex 93.1111 80.6629 1.5
      vertex 92.9428 80.7638 -1.5
      vertex 93.1111 80.6629 -1.5
    endloop
  endfacet
  facet normal -0.146696 0.989182 0
    outer loop
      vertex 92.3902 77.0384 -1.5
      vertex 92.196 77.0096 1.5
      vertex 92.3902 77.0384 1.5
    endloop
  endfacet
  facet normal -0.146696 0.989182 0
    outer loop
      vertex 92.196 77.0096 1.5
      vertex 92.3902 77.0384 -1.5
      vertex 92.196 77.0096 -1.5
    endloop
  endfacet
  facet normal -0.857673 0.514196 0
    outer loop
      vertex 93.6629 77.8889 -1.5
      vertex 93.7638 78.0572 1.5
      vertex 93.7638 78.0572 -1.5
    endloop
  endfacet
  facet normal -0.857673 0.514196 0
    outer loop
      vertex 93.7638 78.0572 1.5
      vertex 93.6629 77.8889 -1.5
      vertex 93.6629 77.8889 1.5
    endloop
  endfacet
  facet normal 0.998803 0.0489209 0
    outer loop
      vertex 90.0096 78.804 1.5
      vertex 90 79 -1.5
      vertex 90 79 1.5
    endloop
  endfacet
  facet normal 0.998803 0.0489209 0
    outer loop
      vertex 90 79 -1.5
      vertex 90.0096 78.804 1.5
      vertex 90.0096 78.804 -1.5
    endloop
  endfacet
  facet normal -0.243015 -0.970023 0
    outer loop
      vertex 92.3902 80.9616 -1.5
      vertex 92.5806 80.9139 1.5
      vertex 92.3902 80.9616 1.5
    endloop
  endfacet
  facet normal -0.243015 -0.970023 -0
    outer loop
      vertex 92.5806 80.9139 1.5
      vertex 92.3902 80.9616 -1.5
      vertex 92.5806 80.9139 -1.5
    endloop
  endfacet
  facet normal 0.998803 -0.0489209 0
    outer loop
      vertex 90 79 1.5
      vertex 90.0096 79.196 -1.5
      vertex 90.0096 79.196 1.5
    endloop
  endfacet
  facet normal 0.998803 -0.0489209 0
    outer loop
      vertex 90.0096 79.196 -1.5
      vertex 90 79 1.5
      vertex 90 79 -1.5
    endloop
  endfacet
  facet normal 0.514196 -0.857673 0
    outer loop
      vertex 90.8889 80.6629 -1.5
      vertex 91.0572 80.7638 1.5
      vertex 90.8889 80.6629 1.5
    endloop
  endfacet
  facet normal 0.514196 -0.857673 0
    outer loop
      vertex 91.0572 80.7638 1.5
      vertex 90.8889 80.6629 -1.5
      vertex 91.0572 80.7638 -1.5
    endloop
  endfacet
  facet normal 0.243015 0.970023 -0
    outer loop
      vertex 91.6098 77.0384 -1.5
      vertex 91.4194 77.0861 1.5
      vertex 91.6098 77.0384 1.5
    endloop
  endfacet
  facet normal 0.243015 0.970023 0
    outer loop
      vertex 91.4194 77.0861 1.5
      vertex 91.6098 77.0384 -1.5
      vertex 91.4194 77.0861 -1.5
    endloop
  endfacet
  facet normal -0.9038 -0.427955 0
    outer loop
      vertex 93.8478 79.7654 -1.5
      vertex 93.7638 79.9428 1.5
      vertex 93.7638 79.9428 -1.5
    endloop
  endfacet
  facet normal -0.9038 -0.427955 0
    outer loop
      vertex 93.7638 79.9428 1.5
      vertex 93.8478 79.7654 -1.5
      vertex 93.8478 79.7654 1.5
    endloop
  endfacet
  facet normal -0.857673 -0.514196 0
    outer loop
      vertex 93.7638 79.9428 -1.5
      vertex 93.6629 80.1111 1.5
      vertex 93.6629 80.1111 -1.5
    endloop
  endfacet
  facet normal -0.857673 -0.514196 0
    outer loop
      vertex 93.6629 80.1111 1.5
      vertex 93.7638 79.9428 -1.5
      vertex 93.7638 79.9428 1.5
    endloop
  endfacet
  facet normal 0.740908 -0.671607 0
    outer loop
      vertex 90.454 80.2688 1.5
      vertex 90.5858 80.4142 -1.5
      vertex 90.5858 80.4142 1.5
    endloop
  endfacet
  facet normal 0.740908 -0.671607 0
    outer loop
      vertex 90.5858 80.4142 -1.5
      vertex 90.454 80.2688 1.5
      vertex 90.454 80.2688 -1.5
    endloop
  endfacet
  facet normal 0.989182 0.146696 0
    outer loop
      vertex 90.0384 78.6098 1.5
      vertex 90.0096 78.804 -1.5
      vertex 90.0096 78.804 1.5
    endloop
  endfacet
  facet normal 0.989182 0.146696 0
    outer loop
      vertex 90.0096 78.804 -1.5
      vertex 90.0384 78.6098 1.5
      vertex 90.0384 78.6098 -1.5
    endloop
  endfacet
  facet normal 0.740908 0.671607 0
    outer loop
      vertex 90.5858 77.5858 1.5
      vertex 90.454 77.7312 -1.5
      vertex 90.454 77.7312 1.5
    endloop
  endfacet
  facet normal 0.740908 0.671607 0
    outer loop
      vertex 90.454 77.7312 -1.5
      vertex 90.5858 77.5858 1.5
      vertex 90.5858 77.5858 -1.5
    endloop
  endfacet
  facet normal 0.0489209 -0.998803 0
    outer loop
      vertex 91.804 80.9904 -1.5
      vertex 92 81 1.5
      vertex 91.804 80.9904 1.5
    endloop
  endfacet
  facet normal 0.0489209 -0.998803 0
    outer loop
      vertex 92 81 1.5
      vertex 91.804 80.9904 -1.5
      vertex 92 81 -1.5
    endloop
  endfacet
  facet normal 0.243015 -0.970023 0
    outer loop
      vertex 91.4194 80.9139 -1.5
      vertex 91.6098 80.9616 1.5
      vertex 91.4194 80.9139 1.5
    endloop
  endfacet
  facet normal 0.243015 -0.970023 0
    outer loop
      vertex 91.6098 80.9616 1.5
      vertex 91.4194 80.9139 -1.5
      vertex 91.6098 80.9616 -1.5
    endloop
  endfacet
  facet normal 0.514196 0.857673 -0
    outer loop
      vertex 91.0572 77.2362 -1.5
      vertex 90.8889 77.3371 1.5
      vertex 91.0572 77.2362 1.5
    endloop
  endfacet
  facet normal 0.514196 0.857673 0
    outer loop
      vertex 90.8889 77.3371 1.5
      vertex 91.0572 77.2362 -1.5
      vertex 90.8889 77.3371 -1.5
    endloop
  endfacet
  facet normal 0.9038 -0.427955 0
    outer loop
      vertex 90.1522 79.7654 1.5
      vertex 90.2362 79.9428 -1.5
      vertex 90.2362 79.9428 1.5
    endloop
  endfacet
  facet normal 0.9038 -0.427955 0
    outer loop
      vertex 90.2362 79.9428 -1.5
      vertex 90.1522 79.7654 1.5
      vertex 90.1522 79.7654 -1.5
    endloop
  endfacet
  facet normal -0.427955 0.9038 0
    outer loop
      vertex 92.9428 77.2362 -1.5
      vertex 92.7654 77.1522 1.5
      vertex 92.9428 77.2362 1.5
    endloop
  endfacet
  facet normal -0.427955 0.9038 0
    outer loop
      vertex 92.7654 77.1522 1.5
      vertex 92.9428 77.2362 -1.5
      vertex 92.7654 77.1522 -1.5
    endloop
  endfacet
  facet normal -0.595508 0.80335 0
    outer loop
      vertex 93.2688 77.454 -1.5
      vertex 93.1111 77.3371 1.5
      vertex 93.2688 77.454 1.5
    endloop
  endfacet
  facet normal -0.595508 0.80335 0
    outer loop
      vertex 93.1111 77.3371 1.5
      vertex 93.2688 77.454 -1.5
      vertex 93.1111 77.3371 -1.5
    endloop
  endfacet
  facet normal 0.970023 0.243015 0
    outer loop
      vertex 90.0861 78.4194 1.5
      vertex 90.0384 78.6098 -1.5
      vertex 90.0384 78.6098 1.5
    endloop
  endfacet
  facet normal 0.970023 0.243015 0
    outer loop
      vertex 90.0384 78.6098 -1.5
      vertex 90.0861 78.4194 1.5
      vertex 90.0861 78.4194 -1.5
    endloop
  endfacet
  facet normal -0.740908 -0.671607 0
    outer loop
      vertex 93.546 80.2688 -1.5
      vertex 93.4142 80.4142 1.5
      vertex 93.4142 80.4142 -1.5
    endloop
  endfacet
  facet normal -0.740908 -0.671607 0
    outer loop
      vertex 93.4142 80.4142 1.5
      vertex 93.546 80.2688 -1.5
      vertex 93.546 80.2688 1.5
    endloop
  endfacet
  facet normal -0.514196 0.857673 0
    outer loop
      vertex 93.1111 77.3371 -1.5
      vertex 92.9428 77.2362 1.5
      vertex 93.1111 77.3371 1.5
    endloop
  endfacet
  facet normal -0.514196 0.857673 0
    outer loop
      vertex 92.9428 77.2362 1.5
      vertex 93.1111 77.3371 -1.5
      vertex 92.9428 77.2362 -1.5
    endloop
  endfacet
  facet normal -0.9038 0.427955 0
    outer loop
      vertex 93.7638 78.0572 -1.5
      vertex 93.8478 78.2346 1.5
      vertex 93.8478 78.2346 -1.5
    endloop
  endfacet
  facet normal -0.9038 0.427955 0
    outer loop
      vertex 93.8478 78.2346 1.5
      vertex 93.7638 78.0572 -1.5
      vertex 93.7638 78.0572 1.5
    endloop
  endfacet
  facet normal -0.0489209 0.998803 0
    outer loop
      vertex 92.196 77.0096 -1.5
      vertex 92 77 1.5
      vertex 92.196 77.0096 1.5
    endloop
  endfacet
  facet normal -0.0489209 0.998803 0
    outer loop
      vertex 92 77 1.5
      vertex 92.196 77.0096 -1.5
      vertex 92 77 -1.5
    endloop
  endfacet
  facet normal 0.595508 -0.80335 0
    outer loop
      vertex 90.7312 80.546 -1.5
      vertex 90.8889 80.6629 1.5
      vertex 90.7312 80.546 1.5
    endloop
  endfacet
  facet normal 0.595508 -0.80335 0
    outer loop
      vertex 90.8889 80.6629 1.5
      vertex 90.7312 80.546 -1.5
      vertex 90.8889 80.6629 -1.5
    endloop
  endfacet
  facet normal -0.740908 0.671607 0
    outer loop
      vertex 93.4142 77.5858 -1.5
      vertex 93.546 77.7312 1.5
      vertex 93.546 77.7312 -1.5
    endloop
  endfacet
  facet normal -0.740908 0.671607 0
    outer loop
      vertex 93.546 77.7312 1.5
      vertex 93.4142 77.5858 -1.5
      vertex 93.4142 77.5858 1.5
    endloop
  endfacet
  facet normal 0.989182 -0.146696 0
    outer loop
      vertex 90.0096 79.196 1.5
      vertex 90.0384 79.3902 -1.5
      vertex 90.0384 79.3902 1.5
    endloop
  endfacet
  facet normal 0.989182 -0.146696 0
    outer loop
      vertex 90.0384 79.3902 -1.5
      vertex 90.0096 79.196 1.5
      vertex 90.0096 79.196 -1.5
    endloop
  endfacet
  facet normal 0.336788 0.94158 -0
    outer loop
      vertex 91.4194 77.0861 -1.5
      vertex 91.2346 77.1522 1.5
      vertex 91.4194 77.0861 1.5
    endloop
  endfacet
  facet normal 0.336788 0.94158 0
    outer loop
      vertex 91.2346 77.1522 1.5
      vertex 91.4194 77.0861 -1.5
      vertex 91.2346 77.1522 -1.5
    endloop
  endfacet
  facet normal 0.427955 0.9038 -0
    outer loop
      vertex 91.2346 77.1522 -1.5
      vertex 91.0572 77.2362 1.5
      vertex 91.2346 77.1522 1.5
    endloop
  endfacet
  facet normal 0.427955 0.9038 0
    outer loop
      vertex 91.0572 77.2362 1.5
      vertex 91.2346 77.1522 -1.5
      vertex 91.0572 77.2362 -1.5
    endloop
  endfacet
  facet normal 0.80335 -0.595508 0
    outer loop
      vertex 90.3371 80.1111 1.5
      vertex 90.454 80.2688 -1.5
      vertex 90.454 80.2688 1.5
    endloop
  endfacet
  facet normal 0.80335 -0.595508 0
    outer loop
      vertex 90.454 80.2688 -1.5
      vertex 90.3371 80.1111 1.5
      vertex 90.3371 80.1111 -1.5
    endloop
  endfacet
  facet normal 1 -0 0
    outer loop
      vertex 100 -87.5 1.5
      vertex 100 87.5 -1.5
      vertex 100 87.5 1.5
    endloop
  endfacet
  facet normal 1 0 0
    outer loop
      vertex 100 87.5 -1.5
      vertex 100 -87.5 1.5
      vertex 100 -87.5 -1.5
    endloop
  endfacet
  facet normal -0 0 1
    outer loop
      vertex -90.0861 78.4194 1.5
      vertex -80.3 71.3 1.5
      vertex -90.0384 78.6098 1.5
    endloop
  endfacet
  facet normal 0 0 1
    outer loop
      vertex -80.3 42.7 1.5
      vertex -90.0096 -78.804 1.5
      vertex -90 -79 1.5
    endloop
  endfacet
  facet normal -0 0 1
    outer loop
      vertex -90.1522 78.2346 1.5
      vertex -80.3 71.3 1.5
      vertex -90.0861 78.4194 1.5
    endloop
  endfacet
  facet normal 0 0 1
    outer loop
      vertex -80.3 42.7 1.5
      vertex -90.0384 -78.6098 1.5
      vertex -90.0096 -78.804 1.5
    endloop
  endfacet
  facet normal -0 0 1
    outer loop
      vertex -90.2362 78.0572 1.5
      vertex -80.3 71.3 1.5
      vertex -90.1522 78.2346 1.5
    endloop
  endfacet
  facet normal 0 0 1
    outer loop
      vertex -80.3 42.7 1.5
      vertex -90.0861 -78.4194 1.5
      vertex -90.0384 -78.6098 1.5
    endloop
  endfacet
  facet normal -0 0 1
    outer loop
      vertex -90.3371 77.8889 1.5
      vertex -80.3 71.3 1.5
      vertex -90.2362 78.0572 1.5
    endloop
  endfacet
  facet normal 0 0 1
    outer loop
      vertex -80.3 42.7 1.5
      vertex -90.1522 -78.2346 1.5
      vertex -90.0861 -78.4194 1.5
    endloop
  endfacet
  facet normal -0 0 1
    outer loop
      vertex -90.454 77.7312 1.5
      vertex -80.3 71.3 1.5
      vertex -90.3371 77.8889 1.5
    endloop
  endfacet
  facet normal 0 0 1
    outer loop
      vertex -80.3 42.7 1.5
      vertex -90.2362 -78.0572 1.5
      vertex -90.1522 -78.2346 1.5
    endloop
  endfacet
  facet normal -0 0 1
    outer loop
      vertex -90.5858 77.5858 1.5
      vertex -80.3 71.3 1.5
      vertex -90.454 77.7312 1.5
    endloop
  endfacet
  facet normal 0 0 1
    outer loop
      vertex -80.3 42.7 1.5
      vertex -90.3371 -77.8889 1.5
      vertex -90.2362 -78.0572 1.5
    endloop
  endfacet
  facet normal -0 0 1
    outer loop
      vertex -90.7312 77.454 1.5
      vertex -80.3 71.3 1.5
      vertex -90.5858 77.5858 1.5
    endloop
  endfacet
  facet normal 0 0 1
    outer loop
      vertex -80.3 42.7 1.5
      vertex -90.454 -77.7312 1.5
      vertex -90.3371 -77.8889 1.5
    endloop
  endfacet
  facet normal -0 0 1
    outer loop
      vertex -90.8889 77.3371 1.5
      vertex -80.3 71.3 1.5
      vertex -90.7312 77.454 1.5
    endloop
  endfacet
  facet normal 0 0 1
    outer loop
      vertex -80.3 42.7 1.5
      vertex -90.5858 -77.5858 1.5
      vertex -90.454 -77.7312 1.5
    endloop
  endfacet
  facet normal -0 0 1
    outer loop
      vertex -91.0572 77.2362 1.5
      vertex -80.3 71.3 1.5
      vertex -90.8889 77.3371 1.5
    endloop
  endfacet
  facet normal 0 0 1
    outer loop
      vertex -80.3 42.7 1.5
      vertex -90.7312 -77.454 1.5
      vertex -90.5858 -77.5858 1.5
    endloop
  endfacet
  facet normal -0 0 1
    outer loop
      vertex -91.2346 77.1522 1.5
      vertex -80.3 71.3 1.5
      vertex -91.0572 77.2362 1.5
    endloop
  endfacet
  facet normal 0 0 1
    outer loop
      vertex -80.3 42.7 1.5
      vertex -90.8889 -77.3371 1.5
      vertex -90.7312 -77.454 1.5
    endloop
  endfacet
  facet normal -0 0 1
    outer loop
      vertex -91.4194 77.0861 1.5
      vertex -80.3 71.3 1.5
      vertex -91.2346 77.1522 1.5
    endloop
  endfacet
  facet normal 0 0 1
    outer loop
      vertex -80.3 42.7 1.5
      vertex -91.0572 -77.2362 1.5
      vertex -90.8889 -77.3371 1.5
    endloop
  endfacet
  facet normal -0 0 1
    outer loop
      vertex -91.6098 77.0384 1.5
      vertex -80.3 71.3 1.5
      vertex -91.4194 77.0861 1.5
    endloop
  endfacet
  facet normal 0 0 1
    outer loop
      vertex -80.3 42.7 1.5
      vertex -91.2346 -77.1522 1.5
      vertex -91.0572 -77.2362 1.5
    endloop
  endfacet
  facet normal -0 0 1
    outer loop
      vertex -91.804 77.0096 1.5
      vertex -80.3 71.3 1.5
      vertex -91.6098 77.0384 1.5
    endloop
  endfacet
  facet normal 0 0 1
    outer loop
      vertex -80.3 42.7 1.5
      vertex -91.4194 -77.0861 1.5
      vertex -91.2346 -77.1522 1.5
    endloop
  endfacet
  facet normal -0 0 1
    outer loop
      vertex -92 77 1.5
      vertex -80.3 71.3 1.5
      vertex -91.804 77.0096 1.5
    endloop
  endfacet
  facet normal 0 0 1
    outer loop
      vertex -80.3 42.7 1.5
      vertex -91.6098 -77.0384 1.5
      vertex -91.4194 -77.0861 1.5
    endloop
  endfacet
  facet normal 0 0 1
    outer loop
      vertex -92.196 77.0096 1.5
      vertex -80.3 71.3 1.5
      vertex -92 77 1.5
    endloop
  endfacet
  facet normal 0 0 1
    outer loop
      vertex -80.3 42.7 1.5
      vertex -91.804 -77.0096 1.5
      vertex -91.6098 -77.0384 1.5
    endloop
  endfacet
  facet normal 0 0 1
    outer loop
      vertex -80.3 71.3 1.5
      vertex -92.196 77.0096 1.5
      vertex -80.3 42.7 1.5
    endloop
  endfacet
  facet normal 0 0 1
    outer loop
      vertex -80.3 42.7 1.5
      vertex -92 -77 1.5
      vertex -91.804 -77.0096 1.5
    endloop
  endfacet
  facet normal 0 0 1
    outer loop
      vertex -92.3902 77.0384 1.5
      vertex -80.3 42.7 1.5
      vertex -92.196 77.0096 1.5
    endloop
  endfacet
  facet normal 0 0 1
    outer loop
      vertex -80.3 42.7 1.5
      vertex -92.196 -77.0096 1.5
      vertex -92 -77 1.5
    endloop
  endfacet
  facet normal 0 0 1
    outer loop
      vertex -92.5806 77.0861 1.5
      vertex -80.3 42.7 1.5
      vertex -92.3902 77.0384 1.5
    endloop
  endfacet
  facet normal 0 0 1
    outer loop
      vertex -80.3 42.7 1.5
      vertex -92.3902 -77.0384 1.5
      vertex -92.196 -77.0096 1.5
    endloop
  endfacet
  facet normal 0 0 1
    outer loop
      vertex -92.7654 77.1522 1.5
      vertex -80.3 42.7 1.5
      vertex -92.5806 77.0861 1.5
    endloop
  endfacet
  facet normal 0 0 1
    outer loop
      vertex -80.3 42.7 1.5
      vertex -92.5806 -77.0861 1.5
      vertex -92.3902 -77.0384 1.5
    endloop
  endfacet
  facet normal 0 0 1
    outer loop
      vertex -92.9428 77.2362 1.5
      vertex -80.3 42.7 1.5
      vertex -92.7654 77.1522 1.5
    endloop
  endfacet
  facet normal 0 0 1
    outer loop
      vertex -80.3 42.7 1.5
      vertex -92.7654 -77.1522 1.5
      vertex -92.5806 -77.0861 1.5
    endloop
  endfacet
  facet normal 0 0 1
    outer loop
      vertex -93.1111 77.3371 1.5
      vertex -80.3 42.7 1.5
      vertex -92.9428 77.2362 1.5
    endloop
  endfacet
  facet normal 0 0 1
    outer loop
      vertex -80.3 42.7 1.5
      vertex -92.9428 -77.2362 1.5
      vertex -92.7654 -77.1522 1.5
    endloop
  endfacet
  facet normal 0 0 1
    outer loop
      vertex -93.2688 77.454 1.5
      vertex -80.3 42.7 1.5
      vertex -93.1111 77.3371 1.5
    endloop
  endfacet
  facet normal 0 0 1
    outer loop
      vertex -80.3 42.7 1.5
      vertex -93.1111 -77.3371 1.5
      vertex -92.9428 -77.2362 1.5
    endloop
  endfacet
  facet normal 0 0 1
    outer loop
      vertex -93.4142 77.5858 1.5
      vertex -80.3 42.7 1.5
      vertex -93.2688 77.454 1.5
    endloop
  endfacet
  facet normal 0 0 1
    outer loop
      vertex -80.3 42.7 1.5
      vertex -93.2688 -77.454 1.5
      vertex -93.1111 -77.3371 1.5
    endloop
  endfacet
  facet normal 0 0 1
    outer loop
      vertex -93.546 77.7312 1.5
      vertex -80.3 42.7 1.5
      vertex -93.4142 77.5858 1.5
    endloop
  endfacet
  facet normal 0 0 1
    outer loop
      vertex -80.3 42.7 1.5
      vertex -93.4142 -77.5858 1.5
      vertex -93.2688 -77.454 1.5
    endloop
  endfacet
  facet normal 0 0 1
    outer loop
      vertex -93.6629 77.8889 1.5
      vertex -80.3 42.7 1.5
      vertex -93.546 77.7312 1.5
    endloop
  endfacet
  facet normal 0 0 1
    outer loop
      vertex -80.3 42.7 1.5
      vertex -93.546 -77.7312 1.5
      vertex -93.4142 -77.5858 1.5
    endloop
  endfacet
  facet normal 0 0 1
    outer loop
      vertex -93.7638 78.0572 1.5
      vertex -80.3 42.7 1.5
      vertex -93.6629 77.8889 1.5
    endloop
  endfacet
  facet normal 0 0 1
    outer loop
      vertex -80.3 42.7 1.5
      vertex -93.6629 -77.8889 1.5
      vertex -93.546 -77.7312 1.5
    endloop
  endfacet
  facet normal 0 0 1
    outer loop
      vertex -100 87.5 1.5
      vertex -80.3 42.7 1.5
      vertex -93.7638 78.0572 1.5
    endloop
  endfacet
  facet normal 0 0 1
    outer loop
      vertex -80.3 42.7 1.5
      vertex -93.7638 -78.0572 1.5
      vertex -93.6629 -77.8889 1.5
    endloop
  endfacet
  facet normal 0 0 1
    outer loop
      vertex -100 87.5 1.5
      vertex -93.7638 78.0572 1.5
      vertex -93.8478 78.2346 1.5
    endloop
  endfacet
  facet normal 0 0 1
    outer loop
      vertex -100 -87.5 1.5
      vertex -80.3 42.7 1.5
      vertex -100 87.5 1.5
    endloop
  endfacet
  facet normal 0 0 1
    outer loop
      vertex -100 87.5 1.5
      vertex -93.8478 78.2346 1.5
      vertex -93.9139 78.4194 1.5
    endloop
  endfacet
  facet normal 0 0 1
    outer loop
      vertex -80.3 42.7 1.5
      vertex -100 -87.5 1.5
      vertex -93.7638 -78.0572 1.5
    endloop
  endfacet
  facet normal 0 0 1
    outer loop
      vertex -100 87.5 1.5
      vertex -93.9139 78.4194 1.5
      vertex -93.9616 78.6098 1.5
    endloop
  endfacet
  facet normal 0 0 1
    outer loop
      vertex -93.7638 -78.0572 1.5
      vertex -100 -87.5 1.5
      vertex -93.8478 -78.2346 1.5
    endloop
  endfacet
  facet normal 0 0 1
    outer loop
      vertex -100 87.5 1.5
      vertex -93.9616 78.6098 1.5
      vertex -93.9904 78.804 1.5
    endloop
  endfacet
  facet normal 0 0 1
    outer loop
      vertex -93.8478 -78.2346 1.5
      vertex -100 -87.5 1.5
      vertex -93.9139 -78.4194 1.5
    endloop
  endfacet
  facet normal 0 0 1
    outer loop
      vertex -100 87.5 1.5
      vertex -93.9904 78.804 1.5
      vertex -94 79 1.5
    endloop
  endfacet
  facet normal 0 0 1
    outer loop
      vertex -93.9139 -78.4194 1.5
      vertex -100 -87.5 1.5
      vertex -93.9616 -78.6098 1.5
    endloop
  endfacet
  facet normal -0 0 1
    outer loop
      vertex 44.5 23.5 1.5
      vertex 68.5 6 1.5
      vertex 71.5 23.5 1.5
    endloop
  endfacet
  facet normal 0 0 1
    outer loop
      vertex 44.5 23.5 1.5
      vertex 1.5 6 1.5
      vertex 68.5 6 1.5
    endloop
  endfacet
  facet normal 0 0 1
    outer loop
      vertex 1.5 6 1.5
      vertex 44.5 23.5 1.5
      vertex 40.5 34.5 1.5
    endloop
  endfacet
  facet normal -0 0 1
    outer loop
      vertex 80.7751 -48.8418 1.5
      vertex 92.9428 -77.2362 1.5
      vertex 80.8443 -48.5658 1.5
    endloop
  endfacet
  facet normal 0 0 1
    outer loop
      vertex 92.7654 -77.1522 1.5
      vertex 80.886 -63.7158 1.5
      vertex 80.9 -64 1.5
    endloop
  endfacet
  facet normal -0 0 1
    outer loop
      vertex 80.7751 -63.1582 1.5
      vertex 92.9428 -77.2362 1.5
      vertex 80.7751 -48.8418 1.5
    endloop
  endfacet
  facet normal 0 0 1
    outer loop
      vertex 92.7654 -77.1522 1.5
      vertex 80.8443 -63.4342 1.5
      vertex 80.886 -63.7158 1.5
    endloop
  endfacet
  facet normal 0 0 1
    outer loop
      vertex 92.9428 -77.2362 1.5
      vertex 80.7751 -63.1582 1.5
      vertex 92.7654 -77.1522 1.5
    endloop
  endfacet
  facet normal 0 0 1
    outer loop
      vertex 92.7654 -77.1522 1.5
      vertex 80.7751 -63.1582 1.5
      vertex 80.8443 -63.4342 1.5
    endloop
  endfacet
  facet normal -0 0 1
    outer loop
      vertex 80.6793 -49.1098 1.5
      vertex 80.7751 -63.1582 1.5
      vertex 80.7751 -48.8418 1.5
    endloop
  endfacet
  facet normal 0 0 1
    outer loop
      vertex 80.6793 -49.1098 1.5
      vertex 80.6793 -62.8902 1.5
      vertex 80.7751 -63.1582 1.5
    endloop
  endfacet
  facet normal -0 0 1
    outer loop
      vertex 80.5576 -49.3671 1.5
      vertex 80.6793 -62.8902 1.5
      vertex 80.6793 -49.1098 1.5
    endloop
  endfacet
  facet normal 0 0 1
    outer loop
      vertex 80.5576 -49.3671 1.5
      vertex 80.5576 -62.6329 1.5
      vertex 80.6793 -62.8902 1.5
    endloop
  endfacet
  facet normal -0 0 1
    outer loop
      vertex 80.4113 -49.6112 1.5
      vertex 80.5576 -62.6329 1.5
      vertex 80.5576 -49.3671 1.5
    endloop
  endfacet
  facet normal 0 0 1
    outer loop
      vertex 80.4113 -49.6112 1.5
      vertex 80.4113 -62.3888 1.5
      vertex 80.5576 -62.6329 1.5
    endloop
  endfacet
  facet normal -0 0 1
    outer loop
      vertex 80.2417 -49.8397 1.5
      vertex 80.4113 -62.3888 1.5
      vertex 80.4113 -49.6112 1.5
    endloop
  endfacet
  facet normal 0 0 1
    outer loop
      vertex 80.2417 -49.8397 1.5
      vertex 80.2417 -62.1603 1.5
      vertex 80.4113 -62.3888 1.5
    endloop
  endfacet
  facet normal -0 0 1
    outer loop
      vertex 80.0506 -50.0506 1.5
      vertex 80.2417 -62.1603 1.5
      vertex 80.2417 -49.8397 1.5
    endloop
  endfacet
  facet normal 0 0 1
    outer loop
      vertex 80.0506 -50.0506 1.5
      vertex 80.0506 -61.9494 1.5
      vertex 80.2417 -62.1603 1.5
    endloop
  endfacet
  facet normal -0 0 1
    outer loop
      vertex 79.8397 -50.2417 1.5
      vertex 80.0506 -61.9494 1.5
      vertex 80.0506 -50.0506 1.5
    endloop
  endfacet
  facet normal 0 0 1
    outer loop
      vertex 79.8397 -50.2417 1.5
      vertex 79.8397 -61.7583 1.5
      vertex 80.0506 -61.9494 1.5
    endloop
  endfacet
  facet normal -0 0 1
    outer loop
      vertex 79.6112 -50.4113 1.5
      vertex 79.8397 -61.7583 1.5
      vertex 79.8397 -50.2417 1.5
    endloop
  endfacet
  facet normal 0 0 1
    outer loop
      vertex 79.6112 -50.4113 1.5
      vertex 79.6112 -61.5887 1.5
      vertex 79.8397 -61.7583 1.5
    endloop
  endfacet
  facet normal -0 0 1
    outer loop
      vertex 79.3671 -50.5576 1.5
      vertex 79.6112 -61.5887 1.5
      vertex 79.6112 -50.4113 1.5
    endloop
  endfacet
  facet normal 0 0 1
    outer loop
      vertex 79.3671 -50.5576 1.5
      vertex 79.3671 -61.4424 1.5
      vertex 79.6112 -61.5887 1.5
    endloop
  endfacet
  facet normal -0 0 1
    outer loop
      vertex 79.1098 -50.6792 1.5
      vertex 79.3671 -61.4424 1.5
      vertex 79.3671 -50.5576 1.5
    endloop
  endfacet
  facet normal 0 0 1
    outer loop
      vertex 79.1098 -50.6792 1.5
      vertex 79.1098 -61.3207 1.5
      vertex 79.3671 -61.4424 1.5
    endloop
  endfacet
  facet normal -0 0 1
    outer loop
      vertex 78.8418 -50.7751 1.5
      vertex 79.1098 -61.3207 1.5
      vertex 79.1098 -50.6792 1.5
    endloop
  endfacet
  facet normal 0 0 1
    outer loop
      vertex 78.8418 -50.7751 1.5
      vertex 78.8418 -61.2249 1.5
      vertex 79.1098 -61.3207 1.5
    endloop
  endfacet
  facet normal -0 0 1
    outer loop
      vertex 78.5658 -50.8443 1.5
      vertex 78.8418 -61.2249 1.5
      vertex 78.8418 -50.7751 1.5
    endloop
  endfacet
  facet normal 0 0 1
    outer loop
      vertex 78.5658 -50.8443 1.5
      vertex 78.5658 -61.1557 1.5
      vertex 78.8418 -61.2249 1.5
    endloop
  endfacet
  facet normal -0 0 1
    outer loop
      vertex 78.2842 -50.886 1.5
      vertex 78.5658 -61.1557 1.5
      vertex 78.5658 -50.8443 1.5
    endloop
  endfacet
  facet normal 0 0 1
    outer loop
      vertex 78.2842 -50.886 1.5
      vertex 78.2842 -61.114 1.5
      vertex 78.5658 -61.1557 1.5
    endloop
  endfacet
  facet normal -0 0 1
    outer loop
      vertex 78 -50.9 1.5
      vertex 78.2842 -61.114 1.5
      vertex 78.2842 -50.886 1.5
    endloop
  endfacet
  facet normal 0 0 1
    outer loop
      vertex 78 -50.9 1.5
      vertex 78 -61.1 1.5
      vertex 78.2842 -61.114 1.5
    endloop
  endfacet
  facet normal 0 0 1
    outer loop
      vertex 77.7158 -50.886 1.5
      vertex 78 -61.1 1.5
      vertex 78 -50.9 1.5
    endloop
  endfacet
  facet normal 0 0 1
    outer loop
      vertex 77.7158 -50.886 1.5
      vertex 77.7158 -61.114 1.5
      vertex 78 -61.1 1.5
    endloop
  endfacet
  facet normal 0 0 1
    outer loop
      vertex 77.4342 -50.8443 1.5
      vertex 77.7158 -61.114 1.5
      vertex 77.7158 -50.886 1.5
    endloop
  endfacet
  facet normal 0 0 1
    outer loop
      vertex 77.4342 -50.8443 1.5
      vertex 77.4342 -61.1557 1.5
      vertex 77.7158 -61.114 1.5
    endloop
  endfacet
  facet normal 0 0 1
    outer loop
      vertex 77.1582 -50.7751 1.5
      vertex 77.4342 -61.1557 1.5
      vertex 77.4342 -50.8443 1.5
    endloop
  endfacet
  facet normal 0 0 1
    outer loop
      vertex 77.1582 -50.7751 1.5
      vertex 77.1582 -61.2249 1.5
      vertex 77.4342 -61.1557 1.5
    endloop
  endfacet
  facet normal 0 0 1
    outer loop
      vertex 76.8902 -50.6792 1.5
      vertex 77.1582 -61.2249 1.5
      vertex 77.1582 -50.7751 1.5
    endloop
  endfacet
  facet normal 0 0 1
    outer loop
      vertex 76.8902 -50.6792 1.5
      vertex 76.8902 -61.3207 1.5
      vertex 77.1582 -61.2249 1.5
    endloop
  endfacet
  facet normal 0 0 1
    outer loop
      vertex 76.6329 -50.5576 1.5
      vertex 76.8902 -61.3207 1.5
      vertex 76.8902 -50.6792 1.5
    endloop
  endfacet
  facet normal 0 0 1
    outer loop
      vertex 76.6329 -50.5576 1.5
      vertex 76.6329 -61.4424 1.5
      vertex 76.8902 -61.3207 1.5
    endloop
  endfacet
  facet normal 0 0 1
    outer loop
      vertex 76.3888 -50.4113 1.5
      vertex 76.6329 -61.4424 1.5
      vertex 76.6329 -50.5576 1.5
    endloop
  endfacet
  facet normal 0 0 1
    outer loop
      vertex 76.3888 -50.4113 1.5
      vertex 76.3888 -61.5887 1.5
      vertex 76.6329 -61.4424 1.5
    endloop
  endfacet
  facet normal 0 0 1
    outer loop
      vertex 76.1603 -50.2417 1.5
      vertex 76.3888 -61.5887 1.5
      vertex 76.3888 -50.4113 1.5
    endloop
  endfacet
  facet normal 0 0 1
    outer loop
      vertex 76.1603 -50.2417 1.5
      vertex 76.1603 -61.7583 1.5
      vertex 76.3888 -61.5887 1.5
    endloop
  endfacet
  facet normal 0 0 1
    outer loop
      vertex 75.9494 -50.0506 1.5
      vertex 76.1603 -61.7583 1.5
      vertex 76.1603 -50.2417 1.5
    endloop
  endfacet
  facet normal 0 0 1
    outer loop
      vertex 75.9494 -50.0506 1.5
      vertex 75.9494 -61.9494 1.5
      vertex 76.1603 -61.7583 1.5
    endloop
  endfacet
  facet normal 0 0 1
    outer loop
      vertex 75.7583 -49.8397 1.5
      vertex 75.9494 -61.9494 1.5
      vertex 75.9494 -50.0506 1.5
    endloop
  endfacet
  facet normal 0 0 1
    outer loop
      vertex 75.7583 -49.8397 1.5
      vertex 75.7583 -62.1603 1.5
      vertex 75.9494 -61.9494 1.5
    endloop
  endfacet
  facet normal 0 0 1
    outer loop
      vertex 75.5887 -49.6112 1.5
      vertex 75.7583 -62.1603 1.5
      vertex 75.7583 -49.8397 1.5
    endloop
  endfacet
  facet normal 0 0 1
    outer loop
      vertex 75.5887 -49.6112 1.5
      vertex 75.5887 -62.3888 1.5
      vertex 75.7583 -62.1603 1.5
    endloop
  endfacet
  facet normal 0 0 1
    outer loop
      vertex 75.4424 -49.3671 1.5
      vertex 75.5887 -62.3888 1.5
      vertex 75.5887 -49.6112 1.5
    endloop
  endfacet
  facet normal 0 0 1
    outer loop
      vertex 75.4424 -49.3671 1.5
      vertex 75.4424 -62.6329 1.5
      vertex 75.5887 -62.3888 1.5
    endloop
  endfacet
  facet normal 0 0 1
    outer loop
      vertex 75.3207 -49.1098 1.5
      vertex 75.4424 -62.6329 1.5
      vertex 75.4424 -49.3671 1.5
    endloop
  endfacet
  facet normal 0 0 1
    outer loop
      vertex 75.3207 -49.1098 1.5
      vertex 75.3207 -62.8902 1.5
      vertex 75.4424 -62.6329 1.5
    endloop
  endfacet
  facet normal 0 0 1
    outer loop
      vertex 68.5 -72 1.5
      vertex 75.3207 -49.1098 1.5
      vertex 75.2249 -48.8418 1.5
    endloop
  endfacet
  facet normal 0 0 1
    outer loop
      vertex 75.3207 -49.1098 1.5
      vertex 68.5 -72 1.5
      vertex 75.3207 -62.8902 1.5
    endloop
  endfacet
  facet normal 0 0 1
    outer loop
      vertex 68.5 -72 1.5
      vertex 75.2249 -48.8418 1.5
      vertex 75.1557 -48.5658 1.5
    endloop
  endfacet
  facet normal 0 0 1
    outer loop
      vertex 75.3207 -62.8902 1.5
      vertex 68.5 -72 1.5
      vertex 75.2249 -63.1582 1.5
    endloop
  endfacet
  facet normal 0 0 1
    outer loop
      vertex 68.5 -72 1.5
      vertex 75.1557 -48.5658 1.5
      vertex 75.114 -48.2842 1.5
    endloop
  endfacet
  facet normal 0 0 1
    outer loop
      vertex 75.2249 -63.1582 1.5
      vertex 68.5 -72 1.5
      vertex 75.1557 -63.4342 1.5
    endloop
  endfacet
  facet normal 0 0 1
    outer loop
      vertex 68.5 -72 1.5
      vertex 75.114 -48.2842 1.5
      vertex 75.1 -48 1.5
    endloop
  endfacet
  facet normal 0 0 1
    outer loop
      vertex 75.1557 -63.4342 1.5
      vertex 68.5 -72 1.5
      vertex 75.114 -63.7158 1.5
    endloop
  endfacet
  facet normal 0 0 1
    outer loop
      vertex 93.9139 78.4194 1.5
      vertex 100 87.5 1.5
      vertex 93.9616 78.6098 1.5
    endloop
  endfacet
  facet normal 0 0 1
    outer loop
      vertex 100 -87.5 1.5
      vertex 93.9904 -78.804 1.5
      vertex 94 -79 1.5
    endloop
  endfacet
  facet normal 0 0 1
    outer loop
      vertex 93.8478 78.2346 1.5
      vertex 100 87.5 1.5
      vertex 93.9139 78.4194 1.5
    endloop
  endfacet
  facet normal 0 0 1
    outer loop
      vertex 100 -87.5 1.5
      vertex 93.9616 -78.6098 1.5
      vertex 93.9904 -78.804 1.5
    endloop
  endfacet
  facet normal 0 0 1
    outer loop
      vertex 93.7638 78.0572 1.5
      vertex 100 87.5 1.5
      vertex 93.8478 78.2346 1.5
    endloop
  endfacet
  facet normal 0 0 1
    outer loop
      vertex 100 -87.5 1.5
      vertex 93.9139 -78.4194 1.5
      vertex 93.9616 -78.6098 1.5
    endloop
  endfacet
  facet normal 0 0 1
    outer loop
      vertex 80.7751 -47.1582 1.5
      vertex 100 87.5 1.5
      vertex 93.7638 78.0572 1.5
    endloop
  endfacet
  facet normal 0 0 1
    outer loop
      vertex 100 -87.5 1.5
      vertex 93.8478 -78.2346 1.5
      vertex 93.9139 -78.4194 1.5
    endloop
  endfacet
  facet normal 0 0 1
    outer loop
      vertex 100 87.5 1.5
      vertex 80.7751 -47.1582 1.5
      vertex 100 -87.5 1.5
    endloop
  endfacet
  facet normal 0 0 1
    outer loop
      vertex 100 -87.5 1.5
      vertex 93.7638 -78.0572 1.5
      vertex 93.8478 -78.2346 1.5
    endloop
  endfacet
  facet normal 0 0 1
    outer loop
      vertex 80.7751 -47.1582 1.5
      vertex 93.7638 78.0572 1.5
      vertex 93.6629 77.8889 1.5
    endloop
  endfacet
  facet normal 0 0 1
    outer loop
      vertex 100 -87.5 1.5
      vertex 80.7751 -47.1582 1.5
      vertex 93.7638 -78.0572 1.5
    endloop
  endfacet
  facet normal 0 0 1
    outer loop
      vertex 75.5 34.5 1.5
      vertex 93.6629 77.8889 1.5
      vertex 93.546 77.7312 1.5
    endloop
  endfacet
  facet normal 0 0 1
    outer loop
      vertex 93.7638 -78.0572 1.5
      vertex 80.7751 -47.1582 1.5
      vertex 93.6629 -77.8889 1.5
    endloop
  endfacet
  facet normal 0 0 1
    outer loop
      vertex 75.5 34.5 1.5
      vertex 93.546 77.7312 1.5
      vertex 93.4142 77.5858 1.5
    endloop
  endfacet
  facet normal -0 -0 1
    outer loop
      vertex 80.8443 -47.4342 1.5
      vertex 93.6629 -77.8889 1.5
      vertex 80.7751 -47.1582 1.5
    endloop
  endfacet
  facet normal 0 0 1
    outer loop
      vertex 75.5 34.5 1.5
      vertex 93.4142 77.5858 1.5
      vertex 93.2688 77.454 1.5
    endloop
  endfacet
  facet normal 0 0 1
    outer loop
      vertex 93.6629 -77.8889 1.5
      vertex 80.8443 -47.4342 1.5
      vertex 93.546 -77.7312 1.5
    endloop
  endfacet
  facet normal 0 0 1
    outer loop
      vertex 75.5 34.5 1.5
      vertex 93.2688 77.454 1.5
      vertex 93.1111 77.3371 1.5
    endloop
  endfacet
  facet normal -0 -0 1
    outer loop
      vertex 80.886 -47.7158 1.5
      vertex 93.546 -77.7312 1.5
      vertex 80.8443 -47.4342 1.5
    endloop
  endfacet
  facet normal 0 0 1
    outer loop
      vertex 75.5 34.5 1.5
      vertex 93.1111 77.3371 1.5
      vertex 92.9428 77.2362 1.5
    endloop
  endfacet
  facet normal 0 0 1
    outer loop
      vertex 93.546 -77.7312 1.5
      vertex 80.886 -47.7158 1.5
      vertex 93.4142 -77.5858 1.5
    endloop
  endfacet
  facet normal 0 0 1
    outer loop
      vertex 75.5 34.5 1.5
      vertex 92.9428 77.2362 1.5
      vertex 92.7654 77.1522 1.5
    endloop
  endfacet
  facet normal -0 -0 1
    outer loop
      vertex 80.9 -48 1.5
      vertex 93.4142 -77.5858 1.5
      vertex 80.886 -47.7158 1.5
    endloop
  endfacet
  facet normal 0 0 1
    outer loop
      vertex 75.5 34.5 1.5
      vertex 92.7654 77.1522 1.5
      vertex 92.5806 77.0861 1.5
    endloop
  endfacet
  facet normal 0 0 1
    outer loop
      vertex 93.4142 -77.5858 1.5
      vertex 80.9 -48 1.5
      vertex 93.2688 -77.454 1.5
    endloop
  endfacet
  facet normal 0 0 1
    outer loop
      vertex 75.5 34.5 1.5
      vertex 92.5806 77.0861 1.5
      vertex 92.3902 77.0384 1.5
    endloop
  endfacet
  facet normal -0 0 1
    outer loop
      vertex 80.886 -48.2842 1.5
      vertex 93.2688 -77.454 1.5
      vertex 80.9 -48 1.5
    endloop
  endfacet
  facet normal 0 0 1
    outer loop
      vertex 75.5 34.5 1.5
      vertex 92.3902 77.0384 1.5
      vertex 92.196 77.0096 1.5
    endloop
  endfacet
  facet normal 0 0 1
    outer loop
      vertex 93.2688 -77.454 1.5
      vertex 80.886 -48.2842 1.5
      vertex 93.1111 -77.3371 1.5
    endloop
  endfacet
  facet normal 0 0 1
    outer loop
      vertex 75.5 34.5 1.5
      vertex 92.196 77.0096 1.5
      vertex 92 77 1.5
    endloop
  endfacet
  facet normal -0 0 1
    outer loop
      vertex 80.8443 -48.5658 1.5
      vertex 93.1111 -77.3371 1.5
      vertex 80.886 -48.2842 1.5
    endloop
  endfacet
  facet normal 0 0 1
    outer loop
      vertex 75.5 69.5 1.5
      vertex 92 77 1.5
      vertex 91.804 77.0096 1.5
    endloop
  endfacet
  facet normal 0 0 1
    outer loop
      vertex 93.1111 -77.3371 1.5
      vertex 80.8443 -48.5658 1.5
      vertex 92.9428 -77.2362 1.5
    endloop
  endfacet
  facet normal 0 0 1
    outer loop
      vertex 75.5 69.5 1.5
      vertex 91.804 77.0096 1.5
      vertex 91.6098 77.0384 1.5
    endloop
  endfacet
  facet normal 0 0 1
    outer loop
      vertex 92.7654 -77.1522 1.5
      vertex 80.9 -64 1.5
      vertex 92.5806 -77.0861 1.5
    endloop
  endfacet
  facet normal 0 0 1
    outer loop
      vertex 75.5 69.5 1.5
      vertex 91.6098 77.0384 1.5
      vertex 91.4194 77.0861 1.5
    endloop
  endfacet
  facet normal 0 0 1
    outer loop
      vertex 92.5806 -77.0861 1.5
      vertex 80.9 -64 1.5
      vertex 92.3902 -77.0384 1.5
    endloop
  endfacet
  facet normal 0 0 1
    outer loop
      vertex 75.5 69.5 1.5
      vertex 91.4194 77.0861 1.5
      vertex 91.2346 77.1522 1.5
    endloop
  endfacet
  facet normal 0 0 1
    outer loop
      vertex 92.3902 -77.0384 1.5
      vertex 80.9 -64 1.5
      vertex 92.196 -77.0096 1.5
    endloop
  endfacet
  facet normal 0 0 1
    outer loop
      vertex 75.5 69.5 1.5
      vertex 91.2346 77.1522 1.5
      vertex 91.0572 77.2362 1.5
    endloop
  endfacet
  facet normal 0 0 1
    outer loop
      vertex 92.196 -77.0096 1.5
      vertex 80.886 -64.2842 1.5
      vertex 92 -77 1.5
    endloop
  endfacet
  facet normal 0 0 1
    outer loop
      vertex 75.5 69.5 1.5
      vertex 91.0572 77.2362 1.5
      vertex 90.8889 77.3371 1.5
    endloop
  endfacet
  facet normal -0 0 1
    outer loop
      vertex 80.8443 -64.5658 1.5
      vertex 92 -77 1.5
      vertex 80.886 -64.2842 1.5
    endloop
  endfacet
  facet normal 0 0 1
    outer loop
      vertex 75.5 69.5 1.5
      vertex 90.8889 77.3371 1.5
      vertex 90.7312 77.454 1.5
    endloop
  endfacet
  facet normal 0 0 1
    outer loop
      vertex 92 -77 1.5
      vertex 80.8443 -64.5658 1.5
      vertex 91.804 -77.0096 1.5
    endloop
  endfacet
  facet normal 0 0 1
    outer loop
      vertex 75.5 69.5 1.5
      vertex 90.7312 77.454 1.5
      vertex 90.5858 77.5858 1.5
    endloop
  endfacet
  facet normal -0 0 1
    outer loop
      vertex 80.7751 -64.8418 1.5
      vertex 91.804 -77.0096 1.5
      vertex 80.8443 -64.5658 1.5
    endloop
  endfacet
  facet normal 0 0 1
    outer loop
      vertex 75.5 69.5 1.5
      vertex 90.5858 77.5858 1.5
      vertex 90.454 77.7312 1.5
    endloop
  endfacet
  facet normal 0 0 1
    outer loop
      vertex 91.804 -77.0096 1.5
      vertex 80.7751 -64.8418 1.5
      vertex 91.6098 -77.0384 1.5
    endloop
  endfacet
  facet normal 0 0 1
    outer loop
      vertex 75.5 69.5 1.5
      vertex 90.454 77.7312 1.5
      vertex 90.3371 77.8889 1.5
    endloop
  endfacet
  facet normal -0 -0 1
    outer loop
      vertex 82.9473 -73.9399 1.5
      vertex 91.6098 -77.0384 1.5
      vertex 80.7751 -64.8418 1.5
    endloop
  endfacet
  facet normal 0 0 1
    outer loop
      vertex 75.5 69.5 1.5
      vertex 90.3371 77.8889 1.5
      vertex 90.2362 78.0572 1.5
    endloop
  endfacet
  facet normal 0 0 1
    outer loop
      vertex 91.6098 -77.0384 1.5
      vertex 82.9473 -73.9399 1.5
      vertex 91.4194 -77.0861 1.5
    endloop
  endfacet
  facet normal 0 0 1
    outer loop
      vertex 75.5 69.5 1.5
      vertex 90.2362 78.0572 1.5
      vertex 90.1522 78.2346 1.5
    endloop
  endfacet
  facet normal -0 -0 1
    outer loop
      vertex 83.3214 -74.4444 1.5
      vertex 91.4194 -77.0861 1.5
      vertex 82.9473 -73.9399 1.5
    endloop
  endfacet
  facet normal 0 0 1
    outer loop
      vertex 75.5 69.5 1.5
      vertex 90.1522 78.2346 1.5
      vertex 90.0861 78.4194 1.5
    endloop
  endfacet
  facet normal 0 0 1
    outer loop
      vertex 91.4194 -77.0861 1.5
      vertex 83.3214 -74.4444 1.5
      vertex 91.2346 -77.1522 1.5
    endloop
  endfacet
  facet normal 0 0 1
    outer loop
      vertex 75.5 69.5 1.5
      vertex 90.0861 78.4194 1.5
      vertex 90.0384 78.6098 1.5
    endloop
  endfacet
  facet normal -0 -0 1
    outer loop
      vertex 83.6443 -74.9831 1.5
      vertex 91.2346 -77.1522 1.5
      vertex 83.3214 -74.4444 1.5
    endloop
  endfacet
  facet normal 0 0 1
    outer loop
      vertex 75.5 69.5 1.5
      vertex 90.0384 78.6098 1.5
      vertex 90.0096 78.804 1.5
    endloop
  endfacet
  facet normal 0 0 1
    outer loop
      vertex 91.0572 -77.2362 1.5
      vertex 83.6443 -74.9831 1.5
      vertex 90.8889 -77.3371 1.5
    endloop
  endfacet
  facet normal 0 0 1
    outer loop
      vertex 75.5 69.5 1.5
      vertex 90.0096 78.804 1.5
      vertex 90 79 1.5
    endloop
  endfacet
  facet normal -0 -0 1
    outer loop
      vertex 83.9128 -75.5508 1.5
      vertex 90.8889 -77.3371 1.5
      vertex 83.6443 -74.9831 1.5
    endloop
  endfacet
  facet normal 0 0 1
    outer loop
      vertex 93.9904 78.804 1.5
      vertex 100 87.5 1.5
      vertex 94 79 1.5
    endloop
  endfacet
  facet normal 0 0 1
    outer loop
      vertex 100 87.5 1.5
      vertex 93.9904 79.196 1.5
      vertex 94 79 1.5
    endloop
  endfacet
  facet normal 0 0 1
    outer loop
      vertex 100 87.5 1.5
      vertex 93.9616 79.3902 1.5
      vertex 93.9904 79.196 1.5
    endloop
  endfacet
  facet normal 0 0 1
    outer loop
      vertex 100 87.5 1.5
      vertex 93.9139 79.5806 1.5
      vertex 93.9616 79.3902 1.5
    endloop
  endfacet
  facet normal 0 0 1
    outer loop
      vertex 100 87.5 1.5
      vertex 93.8478 79.7654 1.5
      vertex 93.9139 79.5806 1.5
    endloop
  endfacet
  facet normal 0 0 1
    outer loop
      vertex 100 87.5 1.5
      vertex 93.7638 79.9428 1.5
      vertex 93.8478 79.7654 1.5
    endloop
  endfacet
  facet normal 0 0 1
    outer loop
      vertex 100 87.5 1.5
      vertex 93.6629 80.1111 1.5
      vertex 93.7638 79.9428 1.5
    endloop
  endfacet
  facet normal 0 0 1
    outer loop
      vertex 100 87.5 1.5
      vertex 93.546 80.2688 1.5
      vertex 93.6629 80.1111 1.5
    endloop
  endfacet
  facet normal 0 0 1
    outer loop
      vertex 100 87.5 1.5
      vertex 93.4142 80.4142 1.5
      vertex 93.546 80.2688 1.5
    endloop
  endfacet
  facet normal 0 0 1
    outer loop
      vertex 100 87.5 1.5
      vertex 93.2688 80.546 1.5
      vertex 93.4142 80.4142 1.5
    endloop
  endfacet
  facet normal 0 0 1
    outer loop
      vertex 100 87.5 1.5
      vertex 93.1111 80.6629 1.5
      vertex 93.2688 80.546 1.5
    endloop
  endfacet
  facet normal 0 0 1
    outer loop
      vertex 100 87.5 1.5
      vertex 92.9428 80.7638 1.5
      vertex 93.1111 80.6629 1.5
    endloop
  endfacet
  facet normal 0 0 1
    outer loop
      vertex 100 87.5 1.5
      vertex 92.7654 80.8478 1.5
      vertex 92.9428 80.7638 1.5
    endloop
  endfacet
  facet normal 0 0 1
    outer loop
      vertex 100 87.5 1.5
      vertex 92.5806 80.9139 1.5
      vertex 92.7654 80.8478 1.5
    endloop
  endfacet
  facet normal 0 0 1
    outer loop
      vertex 100 87.5 1.5
      vertex 92.3902 80.9616 1.5
      vertex 92.5806 80.9139 1.5
    endloop
  endfacet
  facet normal 0 0 1
    outer loop
      vertex 100 87.5 1.5
      vertex 92.196 80.9904 1.5
      vertex 92.3902 80.9616 1.5
    endloop
  endfacet
  facet normal 0 0 1
    outer loop
      vertex 100 87.5 1.5
      vertex 92 81 1.5
      vertex 92.196 80.9904 1.5
    endloop
  endfacet
  facet normal 0 0 1
    outer loop
      vertex 100 87.5 1.5
      vertex 91.804 80.9904 1.5
      vertex 92 81 1.5
    endloop
  endfacet
  facet normal 0 0 1
    outer loop
      vertex 100 87.5 1.5
      vertex 91.6098 80.9616 1.5
      vertex 91.804 80.9904 1.5
    endloop
  endfacet
  facet normal 0 0 1
    outer loop
      vertex 100 87.5 1.5
      vertex 91.4194 80.9139 1.5
      vertex 91.6098 80.9616 1.5
    endloop
  endfacet
  facet normal 0 0 1
    outer loop
      vertex 100 87.5 1.5
      vertex 91.2346 80.8478 1.5
      vertex 91.4194 80.9139 1.5
    endloop
  endfacet
  facet normal 0 0 1
    outer loop
      vertex 100 87.5 1.5
      vertex 91.0572 80.7638 1.5
      vertex 91.2346 80.8478 1.5
    endloop
  endfacet
  facet normal 0 0 1
    outer loop
      vertex 100 87.5 1.5
      vertex 90.8889 80.6629 1.5
      vertex 91.0572 80.7638 1.5
    endloop
  endfacet
  facet normal 0 0 1
    outer loop
      vertex 40.5 69.5 1.5
      vertex 90.8889 80.6629 1.5
      vertex 100 87.5 1.5
    endloop
  endfacet
  facet normal 0 0 1
    outer loop
      vertex 90.8889 -77.3371 1.5
      vertex 83.9128 -75.5508 1.5
      vertex 90.7312 -77.454 1.5
    endloop
  endfacet
  facet normal -0 0 1
    outer loop
      vertex 84.3692 -78.6273 1.5
      vertex 90.0096 -78.804 1.5
      vertex 84.4 -78 1.5
    endloop
  endfacet
  facet normal 0 0 1
    outer loop
      vertex 90.0384 -78.6098 1.5
      vertex 84.4 -78 1.5
      vertex 90.0096 -78.804 1.5
    endloop
  endfacet
  facet normal -0 -0 1
    outer loop
      vertex 84.1244 -76.1422 1.5
      vertex 90.5858 -77.5858 1.5
      vertex 83.9128 -75.5508 1.5
    endloop
  endfacet
  facet normal 0 0 1
    outer loop
      vertex 90.5858 -77.5858 1.5
      vertex 84.1244 -76.1422 1.5
      vertex 90.454 -77.7312 1.5
    endloop
  endfacet
  facet normal 0 0 1
    outer loop
      vertex 90.0861 -78.4194 1.5
      vertex 84.4 -78 1.5
      vertex 90.0384 -78.6098 1.5
    endloop
  endfacet
  facet normal -0 -0 1
    outer loop
      vertex 84.4 -78 1.5
      vertex 90.0861 -78.4194 1.5
      vertex 84.3692 -77.3727 1.5
    endloop
  endfacet
  facet normal -0 -0 1
    outer loop
      vertex 84.277 -76.7514 1.5
      vertex 90.454 -77.7312 1.5
      vertex 84.1244 -76.1422 1.5
    endloop
  endfacet
  facet normal 0 0 1
    outer loop
      vertex 90.3371 -77.8889 1.5
      vertex 84.277 -76.7514 1.5
      vertex 90.2362 -78.0572 1.5
    endloop
  endfacet
  facet normal 0 0 1
    outer loop
      vertex 90.2362 -78.0572 1.5
      vertex 84.3692 -77.3727 1.5
      vertex 90.1522 -78.2346 1.5
    endloop
  endfacet
  facet normal 0 0 1
    outer loop
      vertex 75.5 69.5 1.5
      vertex 90 79 1.5
      vertex 90.0096 79.196 1.5
    endloop
  endfacet
  facet normal -0 -0 1
    outer loop
      vertex 84.3692 -77.3727 1.5
      vertex 90.2362 -78.0572 1.5
      vertex 84.277 -76.7514 1.5
    endloop
  endfacet
  facet normal 0 0 1
    outer loop
      vertex 90.454 -77.7312 1.5
      vertex 84.277 -76.7514 1.5
      vertex 90.3371 -77.8889 1.5
    endloop
  endfacet
  facet normal 0 0 1
    outer loop
      vertex 91.2346 -77.1522 1.5
      vertex 83.6443 -74.9831 1.5
      vertex 91.0572 -77.2362 1.5
    endloop
  endfacet
  facet normal 0 0 1
    outer loop
      vertex 90.1522 -78.2346 1.5
      vertex 84.3692 -77.3727 1.5
      vertex 90.0861 -78.4194 1.5
    endloop
  endfacet
  facet normal 0 0 1
    outer loop
      vertex 90.7312 -77.454 1.5
      vertex 83.9128 -75.5508 1.5
      vertex 90.5858 -77.5858 1.5
    endloop
  endfacet
  facet normal -0 0 1
    outer loop
      vertex 80.886 -64.2842 1.5
      vertex 92.196 -77.0096 1.5
      vertex 80.9 -64 1.5
    endloop
  endfacet
  facet normal 0 0 1
    outer loop
      vertex 93.6629 77.8889 1.5
      vertex 75.5 34.5 1.5
      vertex 80.6793 -46.8902 1.5
    endloop
  endfacet
  facet normal 0 0 1
    outer loop
      vertex 93.6629 77.8889 1.5
      vertex 80.6793 -46.8902 1.5
      vertex 80.7751 -47.1582 1.5
    endloop
  endfacet
  facet normal 0 0 1
    outer loop
      vertex 80.6793 -46.8902 1.5
      vertex 75.5 34.5 1.5
      vertex 80.5576 -46.6329 1.5
    endloop
  endfacet
  facet normal -0 0 1
    outer loop
      vertex 68.5 6 1.5
      vertex 80.5576 -46.6329 1.5
      vertex 75.5 34.5 1.5
    endloop
  endfacet
  facet normal 0 0 1
    outer loop
      vertex 80.5576 -46.6329 1.5
      vertex 68.5 6 1.5
      vertex 80.4113 -46.3888 1.5
    endloop
  endfacet
  facet normal 0 0 1
    outer loop
      vertex 80.4113 -46.3888 1.5
      vertex 68.5 6 1.5
      vertex 80.2417 -46.1603 1.5
    endloop
  endfacet
  facet normal 0 0 1
    outer loop
      vertex 80.2417 -46.1603 1.5
      vertex 68.5 6 1.5
      vertex 80.0506 -45.9494 1.5
    endloop
  endfacet
  facet normal 0 0 1
    outer loop
      vertex 80.0506 -45.9494 1.5
      vertex 68.5 6 1.5
      vertex 79.8397 -45.7583 1.5
    endloop
  endfacet
  facet normal 0 0 1
    outer loop
      vertex 79.8397 -45.7583 1.5
      vertex 68.5 6 1.5
      vertex 79.6112 -45.5887 1.5
    endloop
  endfacet
  facet normal 0 0 1
    outer loop
      vertex 79.6112 -45.5887 1.5
      vertex 68.5 6 1.5
      vertex 79.3671 -45.4424 1.5
    endloop
  endfacet
  facet normal 0 0 1
    outer loop
      vertex 79.3671 -45.4424 1.5
      vertex 68.5 6 1.5
      vertex 79.1098 -45.3207 1.5
    endloop
  endfacet
  facet normal 0 0 1
    outer loop
      vertex 79.1098 -45.3207 1.5
      vertex 68.5 6 1.5
      vertex 78.8418 -45.2249 1.5
    endloop
  endfacet
  facet normal 0 0 1
    outer loop
      vertex 78.8418 -45.2249 1.5
      vertex 68.5 6 1.5
      vertex 78.5658 -45.1557 1.5
    endloop
  endfacet
  facet normal 0 0 1
    outer loop
      vertex 78.5658 -45.1557 1.5
      vertex 68.5 6 1.5
      vertex 78.2842 -45.114 1.5
    endloop
  endfacet
  facet normal 0 0 1
    outer loop
      vertex 78.2842 -45.114 1.5
      vertex 68.5 6 1.5
      vertex 78 -45.1 1.5
    endloop
  endfacet
  facet normal 0 0 1
    outer loop
      vertex 78 -45.1 1.5
      vertex 68.5 6 1.5
      vertex 77.7158 -45.114 1.5
    endloop
  endfacet
  facet normal 0 0 1
    outer loop
      vertex 77.7158 -45.114 1.5
      vertex 68.5 6 1.5
      vertex 77.4342 -45.1557 1.5
    endloop
  endfacet
  facet normal 0 0 1
    outer loop
      vertex 77.4342 -45.1557 1.5
      vertex 68.5 6 1.5
      vertex 77.1582 -45.2249 1.5
    endloop
  endfacet
  facet normal 0 0 1
    outer loop
      vertex 77.1582 -45.2249 1.5
      vertex 68.5 6 1.5
      vertex 76.8902 -45.3207 1.5
    endloop
  endfacet
  facet normal 0 0 1
    outer loop
      vertex 76.8902 -45.3207 1.5
      vertex 68.5 6 1.5
      vertex 76.6329 -45.4424 1.5
    endloop
  endfacet
  facet normal 0 0 1
    outer loop
      vertex 76.6329 -45.4424 1.5
      vertex 68.5 6 1.5
      vertex 76.3888 -45.5887 1.5
    endloop
  endfacet
  facet normal 0 0 1
    outer loop
      vertex 76.3888 -45.5887 1.5
      vertex 68.5 6 1.5
      vertex 76.1603 -45.7583 1.5
    endloop
  endfacet
  facet normal 0 0 1
    outer loop
      vertex 76.1603 -45.7583 1.5
      vertex 68.5 6 1.5
      vertex 75.9494 -45.9494 1.5
    endloop
  endfacet
  facet normal 0 0 1
    outer loop
      vertex 92 77 1.5
      vertex 75.5 69.5 1.5
      vertex 75.5 34.5 1.5
    endloop
  endfacet
  facet normal 0 0 1
    outer loop
      vertex 90.0384 79.3902 1.5
      vertex 75.5 69.5 1.5
      vertex 90.0096 79.196 1.5
    endloop
  endfacet
  facet normal 0 0 1
    outer loop
      vertex 90.0861 79.5806 1.5
      vertex 75.5 69.5 1.5
      vertex 90.0384 79.3902 1.5
    endloop
  endfacet
  facet normal 0 0 1
    outer loop
      vertex 90.1522 79.7654 1.5
      vertex 75.5 69.5 1.5
      vertex 90.0861 79.5806 1.5
    endloop
  endfacet
  facet normal 0 0 1
    outer loop
      vertex 90.2362 79.9428 1.5
      vertex 75.5 69.5 1.5
      vertex 90.1522 79.7654 1.5
    endloop
  endfacet
  facet normal 0 0 1
    outer loop
      vertex 90.3371 80.1111 1.5
      vertex 75.5 69.5 1.5
      vertex 90.2362 79.9428 1.5
    endloop
  endfacet
  facet normal 0 0 1
    outer loop
      vertex 90.454 80.2688 1.5
      vertex 75.5 69.5 1.5
      vertex 90.3371 80.1111 1.5
    endloop
  endfacet
  facet normal 0 0 1
    outer loop
      vertex 90.5858 80.4142 1.5
      vertex 75.5 69.5 1.5
      vertex 90.454 80.2688 1.5
    endloop
  endfacet
  facet normal 0 0 1
    outer loop
      vertex 40.5 69.5 1.5
      vertex 90.5858 80.4142 1.5
      vertex 90.7312 80.546 1.5
    endloop
  endfacet
  facet normal 0 0 1
    outer loop
      vertex 90.8889 80.6629 1.5
      vertex 40.5 69.5 1.5
      vertex 90.7312 80.546 1.5
    endloop
  endfacet
  facet normal 0 0 1
    outer loop
      vertex 90.5858 80.4142 1.5
      vertex 40.5 69.5 1.5
      vertex 75.5 69.5 1.5
    endloop
  endfacet
  facet normal -0 0 1
    outer loop
      vertex -9.7 42.7 1.5
      vertex 40.5 34.5 1.5
      vertex 40.5 69.5 1.5
    endloop
  endfacet
  facet normal 0 0 1
    outer loop
      vertex 40.5 34.5 1.5
      vertex -9.7 42.7 1.5
      vertex 1.5 6 1.5
    endloop
  endfacet
  facet normal 0 0 1
    outer loop
      vertex -9.7 42.7 1.5
      vertex 40.5 69.5 1.5
      vertex -9.7 71.3 1.5
    endloop
  endfacet
  facet normal 0 0 1
    outer loop
      vertex 100 87.5 1.5
      vertex -9.7 71.3 1.5
      vertex 40.5 69.5 1.5
    endloop
  endfacet
  facet normal -0 0 1
    outer loop
      vertex -100 87.5 1.5
      vertex -9.7 71.3 1.5
      vertex 100 87.5 1.5
    endloop
  endfacet
  facet normal -0 0 1
    outer loop
      vertex -90.0096 78.804 1.5
      vertex -80.3 71.3 1.5
      vertex -90 79 1.5
    endloop
  endfacet
  facet normal 0 0 1
    outer loop
      vertex -9.7 71.3 1.5
      vertex -90.5858 80.4142 1.5
      vertex -80.3 71.3 1.5
    endloop
  endfacet
  facet normal 0 0 1
    outer loop
      vertex -80.3 71.3 1.5
      vertex -90.0096 79.196 1.5
      vertex -90 79 1.5
    endloop
  endfacet
  facet normal 0 0 1
    outer loop
      vertex -80.3 71.3 1.5
      vertex -90.0384 79.3902 1.5
      vertex -90.0096 79.196 1.5
    endloop
  endfacet
  facet normal 0 0 1
    outer loop
      vertex -80.3 71.3 1.5
      vertex -90.0861 79.5806 1.5
      vertex -90.0384 79.3902 1.5
    endloop
  endfacet
  facet normal 0 0 1
    outer loop
      vertex -80.3 71.3 1.5
      vertex -90.1522 79.7654 1.5
      vertex -90.0861 79.5806 1.5
    endloop
  endfacet
  facet normal 0 0 1
    outer loop
      vertex -80.3 71.3 1.5
      vertex -90.2362 79.9428 1.5
      vertex -90.1522 79.7654 1.5
    endloop
  endfacet
  facet normal 0 0 1
    outer loop
      vertex -80.3 71.3 1.5
      vertex -90.3371 80.1111 1.5
      vertex -90.2362 79.9428 1.5
    endloop
  endfacet
  facet normal 0 0 1
    outer loop
      vertex -80.3 71.3 1.5
      vertex -90.454 80.2688 1.5
      vertex -90.3371 80.1111 1.5
    endloop
  endfacet
  facet normal 0 0 1
    outer loop
      vertex -80.3 71.3 1.5
      vertex -90.5858 80.4142 1.5
      vertex -90.454 80.2688 1.5
    endloop
  endfacet
  facet normal 0 0 1
    outer loop
      vertex -9.7 71.3 1.5
      vertex -90.7312 80.546 1.5
      vertex -90.5858 80.4142 1.5
    endloop
  endfacet
  facet normal 0 0 1
    outer loop
      vertex -9.7 71.3 1.5
      vertex -90.8889 80.6629 1.5
      vertex -90.7312 80.546 1.5
    endloop
  endfacet
  facet normal 0 0 1
    outer loop
      vertex -9.7 71.3 1.5
      vertex -100 87.5 1.5
      vertex -90.8889 80.6629 1.5
    endloop
  endfacet
  facet normal 0 0 1
    outer loop
      vertex -90.8889 80.6629 1.5
      vertex -100 87.5 1.5
      vertex -91.0572 80.7638 1.5
    endloop
  endfacet
  facet normal 0 0 1
    outer loop
      vertex -91.0572 80.7638 1.5
      vertex -100 87.5 1.5
      vertex -91.2346 80.8478 1.5
    endloop
  endfacet
  facet normal 0 0 1
    outer loop
      vertex -91.2346 80.8478 1.5
      vertex -100 87.5 1.5
      vertex -91.4194 80.9139 1.5
    endloop
  endfacet
  facet normal 0 0 1
    outer loop
      vertex -91.4194 80.9139 1.5
      vertex -100 87.5 1.5
      vertex -91.6098 80.9616 1.5
    endloop
  endfacet
  facet normal 0 0 1
    outer loop
      vertex -91.6098 80.9616 1.5
      vertex -100 87.5 1.5
      vertex -91.804 80.9904 1.5
    endloop
  endfacet
  facet normal 0 0 1
    outer loop
      vertex -93.9616 -78.6098 1.5
      vertex -100 -87.5 1.5
      vertex -93.9904 -78.804 1.5
    endloop
  endfacet
  facet normal 0 0 1
    outer loop
      vertex -93.9904 79.196 1.5
      vertex -100 87.5 1.5
      vertex -94 79 1.5
    endloop
  endfacet
  facet normal 0 0 1
    outer loop
      vertex -93.9616 79.3902 1.5
      vertex -100 87.5 1.5
      vertex -93.9904 79.196 1.5
    endloop
  endfacet
  facet normal 0 0 1
    outer loop
      vertex -93.9139 79.5806 1.5
      vertex -100 87.5 1.5
      vertex -93.9616 79.3902 1.5
    endloop
  endfacet
  facet normal 0 0 1
    outer loop
      vertex -93.8478 79.7654 1.5
      vertex -100 87.5 1.5
      vertex -93.9139 79.5806 1.5
    endloop
  endfacet
  facet normal 0 0 1
    outer loop
      vertex -93.7638 79.9428 1.5
      vertex -100 87.5 1.5
      vertex -93.8478 79.7654 1.5
    endloop
  endfacet
  facet normal 0 0 1
    outer loop
      vertex -93.6629 80.1111 1.5
      vertex -100 87.5 1.5
      vertex -93.7638 79.9428 1.5
    endloop
  endfacet
  facet normal 0 0 1
    outer loop
      vertex -93.546 80.2688 1.5
      vertex -100 87.5 1.5
      vertex -93.6629 80.1111 1.5
    endloop
  endfacet
  facet normal 0 0 1
    outer loop
      vertex -93.4142 80.4142 1.5
      vertex -100 87.5 1.5
      vertex -93.546 80.2688 1.5
    endloop
  endfacet
  facet normal 0 0 1
    outer loop
      vertex -93.2688 80.546 1.5
      vertex -100 87.5 1.5
      vertex -93.4142 80.4142 1.5
    endloop
  endfacet
  facet normal 0 0 1
    outer loop
      vertex -93.1111 80.6629 1.5
      vertex -100 87.5 1.5
      vertex -93.2688 80.546 1.5
    endloop
  endfacet
  facet normal 0 0 1
    outer loop
      vertex -92.9428 80.7638 1.5
      vertex -100 87.5 1.5
      vertex -93.1111 80.6629 1.5
    endloop
  endfacet
  facet normal 0 0 1
    outer loop
      vertex -92.7654 80.8478 1.5
      vertex -100 87.5 1.5
      vertex -92.9428 80.7638 1.5
    endloop
  endfacet
  facet normal 0 0 1
    outer loop
      vertex -92.5806 80.9139 1.5
      vertex -100 87.5 1.5
      vertex -92.7654 80.8478 1.5
    endloop
  endfacet
  facet normal 0 0 1
    outer loop
      vertex -92.3902 80.9616 1.5
      vertex -100 87.5 1.5
      vertex -92.5806 80.9139 1.5
    endloop
  endfacet
  facet normal 0 0 1
    outer loop
      vertex -92.196 80.9904 1.5
      vertex -100 87.5 1.5
      vertex -92.3902 80.9616 1.5
    endloop
  endfacet
  facet normal 0 0 1
    outer loop
      vertex -92 81 1.5
      vertex -100 87.5 1.5
      vertex -92.196 80.9904 1.5
    endloop
  endfacet
  facet normal 0 0 1
    outer loop
      vertex -91.804 80.9904 1.5
      vertex -100 87.5 1.5
      vertex -92 81 1.5
    endloop
  endfacet
  facet normal 0 0 1
    outer loop
      vertex 93.9616 78.6098 1.5
      vertex 100 87.5 1.5
      vertex 93.9904 78.804 1.5
    endloop
  endfacet
  facet normal -0 0 1
    outer loop
      vertex 93.9904 -79.196 1.5
      vertex 100 -87.5 1.5
      vertex 94 -79 1.5
    endloop
  endfacet
  facet normal -0 0 1
    outer loop
      vertex 93.9616 -79.3902 1.5
      vertex 100 -87.5 1.5
      vertex 93.9904 -79.196 1.5
    endloop
  endfacet
  facet normal -0 0 1
    outer loop
      vertex 93.9139 -79.5806 1.5
      vertex 100 -87.5 1.5
      vertex 93.9616 -79.3902 1.5
    endloop
  endfacet
  facet normal -0 0 1
    outer loop
      vertex 93.8478 -79.7654 1.5
      vertex 100 -87.5 1.5
      vertex 93.9139 -79.5806 1.5
    endloop
  endfacet
  facet normal -0 0 1
    outer loop
      vertex 93.7638 -79.9428 1.5
      vertex 100 -87.5 1.5
      vertex 93.8478 -79.7654 1.5
    endloop
  endfacet
  facet normal -0 0 1
    outer loop
      vertex 93.6629 -80.1111 1.5
      vertex 100 -87.5 1.5
      vertex 93.7638 -79.9428 1.5
    endloop
  endfacet
  facet normal -0 0 1
    outer loop
      vertex 93.546 -80.2688 1.5
      vertex 100 -87.5 1.5
      vertex 93.6629 -80.1111 1.5
    endloop
  endfacet
  facet normal -0 0 1
    outer loop
      vertex 93.4142 -80.4142 1.5
      vertex 100 -87.5 1.5
      vertex 93.546 -80.2688 1.5
    endloop
  endfacet
  facet normal -0 0 1
    outer loop
      vertex 93.2688 -80.546 1.5
      vertex 100 -87.5 1.5
      vertex 93.4142 -80.4142 1.5
    endloop
  endfacet
  facet normal -0 0 1
    outer loop
      vertex 93.1111 -80.6629 1.5
      vertex 100 -87.5 1.5
      vertex 93.2688 -80.546 1.5
    endloop
  endfacet
  facet normal -0 0 1
    outer loop
      vertex 92.9428 -80.7638 1.5
      vertex 100 -87.5 1.5
      vertex 93.1111 -80.6629 1.5
    endloop
  endfacet
  facet normal -0 0 1
    outer loop
      vertex 92.7654 -80.8478 1.5
      vertex 100 -87.5 1.5
      vertex 92.9428 -80.7638 1.5
    endloop
  endfacet
  facet normal -0 0 1
    outer loop
      vertex 92.5806 -80.9139 1.5
      vertex 100 -87.5 1.5
      vertex 92.7654 -80.8478 1.5
    endloop
  endfacet
  facet normal -0 0 1
    outer loop
      vertex 92.3902 -80.9616 1.5
      vertex 100 -87.5 1.5
      vertex 92.5806 -80.9139 1.5
    endloop
  endfacet
  facet normal -0 0 1
    outer loop
      vertex 92.196 -80.9904 1.5
      vertex 100 -87.5 1.5
      vertex 92.3902 -80.9616 1.5
    endloop
  endfacet
  facet normal -0 0 1
    outer loop
      vertex 92 -81 1.5
      vertex 100 -87.5 1.5
      vertex 92.196 -80.9904 1.5
    endloop
  endfacet
  facet normal 0 0 1
    outer loop
      vertex 91.804 -80.9904 1.5
      vertex 100 -87.5 1.5
      vertex 92 -81 1.5
    endloop
  endfacet
  facet normal 0 0 1
    outer loop
      vertex 91.6098 -80.9616 1.5
      vertex 100 -87.5 1.5
      vertex 91.804 -80.9904 1.5
    endloop
  endfacet
  facet normal 0 0 1
    outer loop
      vertex 82.0601 -82.9473 1.5
      vertex 91.6098 -80.9616 1.5
      vertex 91.4194 -80.9139 1.5
    endloop
  endfacet
  facet normal 0 0 1
    outer loop
      vertex 82.5255 -82.5255 1.5
      vertex 91.4194 -80.9139 1.5
      vertex 91.2346 -80.8478 1.5
    endloop
  endfacet
  facet normal 0 0 1
    outer loop
      vertex 82.5255 -82.5255 1.5
      vertex 91.2346 -80.8478 1.5
      vertex 91.0572 -80.7638 1.5
    endloop
  endfacet
  facet normal 0 0 1
    outer loop
      vertex 82.9473 -82.0601 1.5
      vertex 91.0572 -80.7638 1.5
      vertex 90.8889 -80.6629 1.5
    endloop
  endfacet
  facet normal 0 0 1
    outer loop
      vertex 83.3214 -81.5556 1.5
      vertex 90.8889 -80.6629 1.5
      vertex 90.7312 -80.546 1.5
    endloop
  endfacet
  facet normal 0 0 1
    outer loop
      vertex 90.0096 -78.804 1.5
      vertex 84.3692 -78.6273 1.5
      vertex 90 -79 1.5
    endloop
  endfacet
  facet normal 0 0 1
    outer loop
      vertex 90 -79 1.5
      vertex 84.3692 -78.6273 1.5
      vertex 90.0096 -79.196 1.5
    endloop
  endfacet
  facet normal 0 0 1
    outer loop
      vertex 84.277 -79.2486 1.5
      vertex 90.0096 -79.196 1.5
      vertex 84.3692 -78.6273 1.5
    endloop
  endfacet
  facet normal 0 0 1
    outer loop
      vertex 90.0096 -79.196 1.5
      vertex 84.277 -79.2486 1.5
      vertex 90.0384 -79.3902 1.5
    endloop
  endfacet
  facet normal 0 0 1
    outer loop
      vertex 90.0384 -79.3902 1.5
      vertex 84.277 -79.2486 1.5
      vertex 90.0861 -79.5806 1.5
    endloop
  endfacet
  facet normal 0 0 1
    outer loop
      vertex 84.1244 -79.8578 1.5
      vertex 90.0861 -79.5806 1.5
      vertex 84.277 -79.2486 1.5
    endloop
  endfacet
  facet normal 0 0 1
    outer loop
      vertex 90.0861 -79.5806 1.5
      vertex 84.1244 -79.8578 1.5
      vertex 90.1522 -79.7654 1.5
    endloop
  endfacet
  facet normal 0 0 1
    outer loop
      vertex 90.1522 -79.7654 1.5
      vertex 84.1244 -79.8578 1.5
      vertex 90.2362 -79.9428 1.5
    endloop
  endfacet
  facet normal 0 0 1
    outer loop
      vertex 83.9128 -80.4492 1.5
      vertex 90.2362 -79.9428 1.5
      vertex 84.1244 -79.8578 1.5
    endloop
  endfacet
  facet normal 0 0 1
    outer loop
      vertex 90.2362 -79.9428 1.5
      vertex 83.9128 -80.4492 1.5
      vertex 90.3371 -80.1111 1.5
    endloop
  endfacet
  facet normal 0 0 1
    outer loop
      vertex 83.6443 -81.0169 1.5
      vertex 90.3371 -80.1111 1.5
      vertex 83.9128 -80.4492 1.5
    endloop
  endfacet
  facet normal 0 0 1
    outer loop
      vertex 90.3371 -80.1111 1.5
      vertex 83.6443 -81.0169 1.5
      vertex 90.454 -80.2688 1.5
    endloop
  endfacet
  facet normal 0 0 1
    outer loop
      vertex 90.454 -80.2688 1.5
      vertex 83.6443 -81.0169 1.5
      vertex 90.5858 -80.4142 1.5
    endloop
  endfacet
  facet normal 0 0 1
    outer loop
      vertex 83.3214 -81.5556 1.5
      vertex 90.5858 -80.4142 1.5
      vertex 83.6443 -81.0169 1.5
    endloop
  endfacet
  facet normal 0 0 1
    outer loop
      vertex 90.5858 -80.4142 1.5
      vertex 83.3214 -81.5556 1.5
      vertex 90.7312 -80.546 1.5
    endloop
  endfacet
  facet normal 0 0 1
    outer loop
      vertex 90.8889 -80.6629 1.5
      vertex 83.3214 -81.5556 1.5
      vertex 82.9473 -82.0601 1.5
    endloop
  endfacet
  facet normal 0 0 1
    outer loop
      vertex 91.0572 -80.7638 1.5
      vertex 82.9473 -82.0601 1.5
      vertex 82.5255 -82.5255 1.5
    endloop
  endfacet
  facet normal 0 0 1
    outer loop
      vertex 91.4194 -80.9139 1.5
      vertex 82.5255 -82.5255 1.5
      vertex 82.0601 -82.9473 1.5
    endloop
  endfacet
  facet normal 0 0 1
    outer loop
      vertex 91.6098 -80.9616 1.5
      vertex 82.0601 -82.9473 1.5
      vertex 100 -87.5 1.5
    endloop
  endfacet
  facet normal -0 0 1
    outer loop
      vertex 81.5556 -83.3214 1.5
      vertex 100 -87.5 1.5
      vertex 82.0601 -82.9473 1.5
    endloop
  endfacet
  facet normal -0 0 1
    outer loop
      vertex 81.0169 -83.6443 1.5
      vertex 100 -87.5 1.5
      vertex 81.5556 -83.3214 1.5
    endloop
  endfacet
  facet normal -0 0 1
    outer loop
      vertex 80.4492 -83.9128 1.5
      vertex 100 -87.5 1.5
      vertex 81.0169 -83.6443 1.5
    endloop
  endfacet
  facet normal -0 0 1
    outer loop
      vertex 79.8578 -84.1244 1.5
      vertex 100 -87.5 1.5
      vertex 80.4492 -83.9128 1.5
    endloop
  endfacet
  facet normal -0 0 1
    outer loop
      vertex 79.2486 -84.277 1.5
      vertex 100 -87.5 1.5
      vertex 79.8578 -84.1244 1.5
    endloop
  endfacet
  facet normal -0 0 1
    outer loop
      vertex 78.6273 -84.3692 1.5
      vertex 100 -87.5 1.5
      vertex 79.2486 -84.277 1.5
    endloop
  endfacet
  facet normal -0 0 1
    outer loop
      vertex 78 -84.4 1.5
      vertex 100 -87.5 1.5
      vertex 78.6273 -84.3692 1.5
    endloop
  endfacet
  facet normal 0 0 1
    outer loop
      vertex 77.3727 -84.3692 1.5
      vertex 100 -87.5 1.5
      vertex 78 -84.4 1.5
    endloop
  endfacet
  facet normal 0 0 1
    outer loop
      vertex 71.8756 -76.1422 1.5
      vertex 68.5 -72 1.5
      vertex 71.723 -76.7514 1.5
    endloop
  endfacet
  facet normal 0 0 1
    outer loop
      vertex 71.723 -76.7514 1.5
      vertex 68.5 -72 1.5
      vertex 71.6308 -77.3727 1.5
    endloop
  endfacet
  facet normal 0 0 1
    outer loop
      vertex 71.6308 -77.3727 1.5
      vertex 68.5 -72 1.5
      vertex 71.6 -78 1.5
    endloop
  endfacet
  facet normal 0 0 1
    outer loop
      vertex 68.5 -72 1.5
      vertex 71.6308 -78.6273 1.5
      vertex 71.6 -78 1.5
    endloop
  endfacet
  facet normal 0 0 1
    outer loop
      vertex 68.5 -72 1.5
      vertex 71.723 -79.2486 1.5
      vertex 71.6308 -78.6273 1.5
    endloop
  endfacet
  facet normal 0 0 1
    outer loop
      vertex 68.5 -72 1.5
      vertex 71.8756 -79.8578 1.5
      vertex 71.723 -79.2486 1.5
    endloop
  endfacet
  facet normal -0 0 1
    outer loop
      vertex 1.5 -72 1.5
      vertex 71.8756 -79.8578 1.5
      vertex 68.5 -72 1.5
    endloop
  endfacet
  facet normal 0 0 1
    outer loop
      vertex 71.8756 -79.8578 1.5
      vertex 1.5 -72 1.5
      vertex 72.0872 -80.4492 1.5
    endloop
  endfacet
  facet normal 0 0 1
    outer loop
      vertex 1.5 -72 1.5
      vertex 72.3557 -81.0169 1.5
      vertex 72.0872 -80.4492 1.5
    endloop
  endfacet
  facet normal 0 0 1
    outer loop
      vertex 1.5 -72 1.5
      vertex 72.6786 -81.5556 1.5
      vertex 72.3557 -81.0169 1.5
    endloop
  endfacet
  facet normal 0 0 1
    outer loop
      vertex 1.5 -72 1.5
      vertex 73.0527 -82.0601 1.5
      vertex 72.6786 -81.5556 1.5
    endloop
  endfacet
  facet normal 0 0 1
    outer loop
      vertex 1.5 -72 1.5
      vertex 73.4745 -82.5255 1.5
      vertex 73.0527 -82.0601 1.5
    endloop
  endfacet
  facet normal 0 0 1
    outer loop
      vertex 1.5 -72 1.5
      vertex 73.9399 -82.9473 1.5
      vertex 73.4745 -82.5255 1.5
    endloop
  endfacet
  facet normal 0 0 1
    outer loop
      vertex 1.5 -72 1.5
      vertex 74.4444 -83.3214 1.5
      vertex 73.9399 -82.9473 1.5
    endloop
  endfacet
  facet normal 0 0 1
    outer loop
      vertex 1.5 -72 1.5
      vertex 74.9831 -83.6443 1.5
      vertex 74.4444 -83.3214 1.5
    endloop
  endfacet
  facet normal 0 0 1
    outer loop
      vertex 1.5 -72 1.5
      vertex 75.5508 -83.9128 1.5
      vertex 74.9831 -83.6443 1.5
    endloop
  endfacet
  facet normal 0 0 1
    outer loop
      vertex 1.5 -72 1.5
      vertex 76.1422 -84.1244 1.5
      vertex 75.5508 -83.9128 1.5
    endloop
  endfacet
  facet normal 0 0 1
    outer loop
      vertex -100 -87.5 1.5
      vertex 76.1422 -84.1244 1.5
      vertex 1.5 -72 1.5
    endloop
  endfacet
  facet normal -0 0 1
    outer loop
      vertex -80.3 42.7 1.5
      vertex 1.5 6 1.5
      vertex -9.7 42.7 1.5
    endloop
  endfacet
  facet normal 0 0 1
    outer loop
      vertex -90 -79 1.5
      vertex 1.5 6 1.5
      vertex -80.3 42.7 1.5
    endloop
  endfacet
  facet normal -0 0 1
    outer loop
      vertex -90.0384 78.6098 1.5
      vertex -80.3 71.3 1.5
      vertex -90.0096 78.804 1.5
    endloop
  endfacet
  facet normal 0 0 1
    outer loop
      vertex 1.5 6 1.5
      vertex -90 -79 1.5
      vertex 1.5 -72 1.5
    endloop
  endfacet
  facet normal 0 0 1
    outer loop
      vertex -90.0096 -79.196 1.5
      vertex 1.5 -72 1.5
      vertex -90 -79 1.5
    endloop
  endfacet
  facet normal 0 0 1
    outer loop
      vertex -90.0384 -79.3902 1.5
      vertex 1.5 -72 1.5
      vertex -90.0096 -79.196 1.5
    endloop
  endfacet
  facet normal 0 0 1
    outer loop
      vertex -90.0861 -79.5806 1.5
      vertex 1.5 -72 1.5
      vertex -90.0384 -79.3902 1.5
    endloop
  endfacet
  facet normal 0 0 1
    outer loop
      vertex -90.1522 -79.7654 1.5
      vertex 1.5 -72 1.5
      vertex -90.0861 -79.5806 1.5
    endloop
  endfacet
  facet normal 0 0 1
    outer loop
      vertex -90.2362 -79.9428 1.5
      vertex 1.5 -72 1.5
      vertex -90.1522 -79.7654 1.5
    endloop
  endfacet
  facet normal 0 0 1
    outer loop
      vertex -90.3371 -80.1111 1.5
      vertex 1.5 -72 1.5
      vertex -90.2362 -79.9428 1.5
    endloop
  endfacet
  facet normal 0 0 1
    outer loop
      vertex -90.454 -80.2688 1.5
      vertex 1.5 -72 1.5
      vertex -90.3371 -80.1111 1.5
    endloop
  endfacet
  facet normal 0 0 1
    outer loop
      vertex -90.5858 -80.4142 1.5
      vertex 1.5 -72 1.5
      vertex -90.454 -80.2688 1.5
    endloop
  endfacet
  facet normal 0 0 1
    outer loop
      vertex -90.7312 -80.546 1.5
      vertex 1.5 -72 1.5
      vertex -90.5858 -80.4142 1.5
    endloop
  endfacet
  facet normal 0 0 1
    outer loop
      vertex -90.8889 -80.6629 1.5
      vertex 1.5 -72 1.5
      vertex -90.7312 -80.546 1.5
    endloop
  endfacet
  facet normal 0 0 1
    outer loop
      vertex -100 -87.5 1.5
      vertex 1.5 -72 1.5
      vertex -90.8889 -80.6629 1.5
    endloop
  endfacet
  facet normal 0 0 1
    outer loop
      vertex 76.1422 -84.1244 1.5
      vertex -100 -87.5 1.5
      vertex 76.7514 -84.277 1.5
    endloop
  endfacet
  facet normal 0 0 1
    outer loop
      vertex 76.7514 -84.277 1.5
      vertex -100 -87.5 1.5
      vertex 77.3727 -84.3692 1.5
    endloop
  endfacet
  facet normal 0 0 1
    outer loop
      vertex -100 -87.5 1.5
      vertex -90.8889 -80.6629 1.5
      vertex -91.0572 -80.7638 1.5
    endloop
  endfacet
  facet normal 0 0 1
    outer loop
      vertex -100 -87.5 1.5
      vertex -91.0572 -80.7638 1.5
      vertex -91.2346 -80.8478 1.5
    endloop
  endfacet
  facet normal 0 0 1
    outer loop
      vertex -100 -87.5 1.5
      vertex -91.2346 -80.8478 1.5
      vertex -91.4194 -80.9139 1.5
    endloop
  endfacet
  facet normal 0 0 1
    outer loop
      vertex -100 -87.5 1.5
      vertex -91.4194 -80.9139 1.5
      vertex -91.6098 -80.9616 1.5
    endloop
  endfacet
  facet normal 0 0 1
    outer loop
      vertex -100 -87.5 1.5
      vertex -91.6098 -80.9616 1.5
      vertex -91.804 -80.9904 1.5
    endloop
  endfacet
  facet normal 0 0 1
    outer loop
      vertex -100 -87.5 1.5
      vertex -91.804 -80.9904 1.5
      vertex -92 -81 1.5
    endloop
  endfacet
  facet normal 0 0 1
    outer loop
      vertex 77.3727 -84.3692 1.5
      vertex -100 -87.5 1.5
      vertex 100 -87.5 1.5
    endloop
  endfacet
  facet normal 0 0 1
    outer loop
      vertex -92.196 -80.9904 1.5
      vertex -100 -87.5 1.5
      vertex -92 -81 1.5
    endloop
  endfacet
  facet normal 0 0 1
    outer loop
      vertex -92.3902 -80.9616 1.5
      vertex -100 -87.5 1.5
      vertex -92.196 -80.9904 1.5
    endloop
  endfacet
  facet normal 0 0 1
    outer loop
      vertex -92.5806 -80.9139 1.5
      vertex -100 -87.5 1.5
      vertex -92.3902 -80.9616 1.5
    endloop
  endfacet
  facet normal 0 0 1
    outer loop
      vertex -92.7654 -80.8478 1.5
      vertex -100 -87.5 1.5
      vertex -92.5806 -80.9139 1.5
    endloop
  endfacet
  facet normal 0 0 1
    outer loop
      vertex -92.9428 -80.7638 1.5
      vertex -100 -87.5 1.5
      vertex -92.7654 -80.8478 1.5
    endloop
  endfacet
  facet normal 0 0 1
    outer loop
      vertex -93.1111 -80.6629 1.5
      vertex -100 -87.5 1.5
      vertex -92.9428 -80.7638 1.5
    endloop
  endfacet
  facet normal 0 0 1
    outer loop
      vertex -93.2688 -80.546 1.5
      vertex -100 -87.5 1.5
      vertex -93.1111 -80.6629 1.5
    endloop
  endfacet
  facet normal 0 0 1
    outer loop
      vertex -93.4142 -80.4142 1.5
      vertex -100 -87.5 1.5
      vertex -93.2688 -80.546 1.5
    endloop
  endfacet
  facet normal 0 0 1
    outer loop
      vertex -93.546 -80.2688 1.5
      vertex -100 -87.5 1.5
      vertex -93.4142 -80.4142 1.5
    endloop
  endfacet
  facet normal 0 0 1
    outer loop
      vertex -93.6629 -80.1111 1.5
      vertex -100 -87.5 1.5
      vertex -93.546 -80.2688 1.5
    endloop
  endfacet
  facet normal 0 0 1
    outer loop
      vertex -93.7638 -79.9428 1.5
      vertex -100 -87.5 1.5
      vertex -93.6629 -80.1111 1.5
    endloop
  endfacet
  facet normal 0 0 1
    outer loop
      vertex -93.8478 -79.7654 1.5
      vertex -100 -87.5 1.5
      vertex -93.7638 -79.9428 1.5
    endloop
  endfacet
  facet normal 0 0 1
    outer loop
      vertex -93.9139 -79.5806 1.5
      vertex -100 -87.5 1.5
      vertex -93.8478 -79.7654 1.5
    endloop
  endfacet
  facet normal 0 0 1
    outer loop
      vertex -93.9616 -79.3902 1.5
      vertex -100 -87.5 1.5
      vertex -93.9139 -79.5806 1.5
    endloop
  endfacet
  facet normal 0 0 1
    outer loop
      vertex -93.9904 -79.196 1.5
      vertex -100 -87.5 1.5
      vertex -93.9616 -79.3902 1.5
    endloop
  endfacet
  facet normal 0 0 1
    outer loop
      vertex -94 -79 1.5
      vertex -100 -87.5 1.5
      vertex -93.9904 -79.196 1.5
    endloop
  endfacet
  facet normal 0 0 1
    outer loop
      vertex -93.9904 -78.804 1.5
      vertex -100 -87.5 1.5
      vertex -94 -79 1.5
    endloop
  endfacet
  facet normal 0 0 1
    outer loop
      vertex 82.9473 -73.9399 1.5
      vertex 80.7751 -64.8418 1.5
      vertex 82.5255 -73.4745 1.5
    endloop
  endfacet
  facet normal -0 0 1
    outer loop
      vertex 80.6793 -65.1098 1.5
      vertex 82.5255 -73.4745 1.5
      vertex 80.7751 -64.8418 1.5
    endloop
  endfacet
  facet normal 0 0 1
    outer loop
      vertex 82.5255 -73.4745 1.5
      vertex 80.6793 -65.1098 1.5
      vertex 82.0601 -73.0527 1.5
    endloop
  endfacet
  facet normal -0 0 1
    outer loop
      vertex 80.5576 -65.3671 1.5
      vertex 82.0601 -73.0527 1.5
      vertex 80.6793 -65.1098 1.5
    endloop
  endfacet
  facet normal -0 0 1
    outer loop
      vertex 80.4113 -65.6112 1.5
      vertex 82.0601 -73.0527 1.5
      vertex 80.5576 -65.3671 1.5
    endloop
  endfacet
  facet normal 0 0 1
    outer loop
      vertex 82.0601 -73.0527 1.5
      vertex 80.4113 -65.6112 1.5
      vertex 81.5556 -72.6786 1.5
    endloop
  endfacet
  facet normal -0 0 1
    outer loop
      vertex 80.2417 -65.8397 1.5
      vertex 81.5556 -72.6786 1.5
      vertex 80.4113 -65.6112 1.5
    endloop
  endfacet
  facet normal 0 0 1
    outer loop
      vertex 81.5556 -72.6786 1.5
      vertex 80.2417 -65.8397 1.5
      vertex 81.0169 -72.3557 1.5
    endloop
  endfacet
  facet normal -0 0 1
    outer loop
      vertex 80.0506 -66.0506 1.5
      vertex 81.0169 -72.3557 1.5
      vertex 80.2417 -65.8397 1.5
    endloop
  endfacet
  facet normal -0 0 1
    outer loop
      vertex 79.8397 -66.2417 1.5
      vertex 81.0169 -72.3557 1.5
      vertex 80.0506 -66.0506 1.5
    endloop
  endfacet
  facet normal 0 0 1
    outer loop
      vertex 81.0169 -72.3557 1.5
      vertex 79.8397 -66.2417 1.5
      vertex 80.4492 -72.0872 1.5
    endloop
  endfacet
  facet normal -0 0 1
    outer loop
      vertex 79.6112 -66.4113 1.5
      vertex 80.4492 -72.0872 1.5
      vertex 79.8397 -66.2417 1.5
    endloop
  endfacet
  facet normal 0 0 1
    outer loop
      vertex 80.4492 -72.0872 1.5
      vertex 79.6112 -66.4113 1.5
      vertex 79.8578 -71.8756 1.5
    endloop
  endfacet
  facet normal -0 0 1
    outer loop
      vertex 79.3671 -66.5576 1.5
      vertex 79.8578 -71.8756 1.5
      vertex 79.6112 -66.4113 1.5
    endloop
  endfacet
  facet normal -0 0 1
    outer loop
      vertex 79.1098 -66.6793 1.5
      vertex 79.8578 -71.8756 1.5
      vertex 79.3671 -66.5576 1.5
    endloop
  endfacet
  facet normal 0 0 1
    outer loop
      vertex 79.8578 -71.8756 1.5
      vertex 79.1098 -66.6793 1.5
      vertex 79.2486 -71.723 1.5
    endloop
  endfacet
  facet normal -0 0 1
    outer loop
      vertex 78.8418 -66.7751 1.5
      vertex 79.2486 -71.723 1.5
      vertex 79.1098 -66.6793 1.5
    endloop
  endfacet
  facet normal 0 0 1
    outer loop
      vertex 78.8418 -66.7751 1.5
      vertex 78.6273 -71.6308 1.5
      vertex 79.2486 -71.723 1.5
    endloop
  endfacet
  facet normal -0 0 1
    outer loop
      vertex 78.5658 -66.8443 1.5
      vertex 78.6273 -71.6308 1.5
      vertex 78.8418 -66.7751 1.5
    endloop
  endfacet
  facet normal -0 0 1
    outer loop
      vertex 78.2842 -66.886 1.5
      vertex 78.6273 -71.6308 1.5
      vertex 78.5658 -66.8443 1.5
    endloop
  endfacet
  facet normal 0 0 1
    outer loop
      vertex 78 -71.6 1.5
      vertex 78.2842 -66.886 1.5
      vertex 78 -66.9 1.5
    endloop
  endfacet
  facet normal 0 0 1
    outer loop
      vertex 78.2842 -66.886 1.5
      vertex 78 -71.6 1.5
      vertex 78.6273 -71.6308 1.5
    endloop
  endfacet
  facet normal 0 0 1
    outer loop
      vertex 77.7158 -66.886 1.5
      vertex 78 -71.6 1.5
      vertex 78 -66.9 1.5
    endloop
  endfacet
  facet normal 0 0 1
    outer loop
      vertex 77.3727 -71.6308 1.5
      vertex 77.7158 -66.886 1.5
      vertex 77.4342 -66.8443 1.5
    endloop
  endfacet
  facet normal 0 0 1
    outer loop
      vertex 77.7158 -66.886 1.5
      vertex 77.3727 -71.6308 1.5
      vertex 78 -71.6 1.5
    endloop
  endfacet
  facet normal 0 0 1
    outer loop
      vertex 77.1582 -66.7751 1.5
      vertex 77.3727 -71.6308 1.5
      vertex 77.4342 -66.8443 1.5
    endloop
  endfacet
  facet normal 0 0 1
    outer loop
      vertex 76.7514 -71.723 1.5
      vertex 77.1582 -66.7751 1.5
      vertex 76.8902 -66.6793 1.5
    endloop
  endfacet
  facet normal 0 0 1
    outer loop
      vertex 77.1582 -66.7751 1.5
      vertex 76.7514 -71.723 1.5
      vertex 77.3727 -71.6308 1.5
    endloop
  endfacet
  facet normal 0 0 1
    outer loop
      vertex 76.1422 -71.8756 1.5
      vertex 76.8902 -66.6793 1.5
      vertex 76.6329 -66.5576 1.5
    endloop
  endfacet
  facet normal 0 0 1
    outer loop
      vertex 76.1422 -71.8756 1.5
      vertex 76.6329 -66.5576 1.5
      vertex 76.3888 -66.4113 1.5
    endloop
  endfacet
  facet normal 0 0 1
    outer loop
      vertex 75.5508 -72.0872 1.5
      vertex 76.3888 -66.4113 1.5
      vertex 76.1603 -66.2417 1.5
    endloop
  endfacet
  facet normal 0 0 1
    outer loop
      vertex 76.8902 -66.6793 1.5
      vertex 76.1422 -71.8756 1.5
      vertex 76.7514 -71.723 1.5
    endloop
  endfacet
  facet normal 0 0 1
    outer loop
      vertex 74.9831 -72.3557 1.5
      vertex 76.1603 -66.2417 1.5
      vertex 75.9494 -66.0506 1.5
    endloop
  endfacet
  facet normal 0 0 1
    outer loop
      vertex 74.9831 -72.3557 1.5
      vertex 75.9494 -66.0506 1.5
      vertex 75.7583 -65.8397 1.5
    endloop
  endfacet
  facet normal 0 0 1
    outer loop
      vertex 68.5 -72 1.5
      vertex 75.7583 -65.8397 1.5
      vertex 75.5887 -65.6112 1.5
    endloop
  endfacet
  facet normal 0 0 1
    outer loop
      vertex 76.3888 -66.4113 1.5
      vertex 75.5508 -72.0872 1.5
      vertex 76.1422 -71.8756 1.5
    endloop
  endfacet
  facet normal 0 0 1
    outer loop
      vertex 68.5 -72 1.5
      vertex 75.5887 -65.6112 1.5
      vertex 75.4424 -65.3671 1.5
    endloop
  endfacet
  facet normal 0 0 1
    outer loop
      vertex 68.5 -72 1.5
      vertex 75.4424 -65.3671 1.5
      vertex 75.3207 -65.1098 1.5
    endloop
  endfacet
  facet normal 0 0 1
    outer loop
      vertex 68.5 -72 1.5
      vertex 75.3207 -65.1098 1.5
      vertex 75.2249 -64.8418 1.5
    endloop
  endfacet
  facet normal 0 0 1
    outer loop
      vertex 68.5 -72 1.5
      vertex 75.2249 -64.8418 1.5
      vertex 75.1557 -64.5658 1.5
    endloop
  endfacet
  facet normal 0 0 1
    outer loop
      vertex 68.5 -72 1.5
      vertex 75.1557 -64.5658 1.5
      vertex 75.114 -64.2842 1.5
    endloop
  endfacet
  facet normal 0 0 1
    outer loop
      vertex 76.1603 -66.2417 1.5
      vertex 74.9831 -72.3557 1.5
      vertex 75.5508 -72.0872 1.5
    endloop
  endfacet
  facet normal 0 0 1
    outer loop
      vertex 68.5 -72 1.5
      vertex 75.114 -64.2842 1.5
      vertex 75.1 -64 1.5
    endloop
  endfacet
  facet normal 0 0 1
    outer loop
      vertex 75.9494 -45.9494 1.5
      vertex 68.5 6 1.5
      vertex 75.7583 -46.1603 1.5
    endloop
  endfacet
  facet normal 0 0 1
    outer loop
      vertex 71.5 23.5 1.5
      vertex 75.5 34.5 1.5
      vertex 71.5 29.5 1.5
    endloop
  endfacet
  facet normal 0 0 1
    outer loop
      vertex 68.5 6 1.5
      vertex 75.5 34.5 1.5
      vertex 71.5 23.5 1.5
    endloop
  endfacet
  facet normal 0 0 1
    outer loop
      vertex 75.7583 -46.1603 1.5
      vertex 68.5 6 1.5
      vertex 75.5887 -46.3888 1.5
    endloop
  endfacet
  facet normal 0 0 1
    outer loop
      vertex 75.5887 -46.3888 1.5
      vertex 68.5 6 1.5
      vertex 75.4424 -46.6329 1.5
    endloop
  endfacet
  facet normal 0 0 1
    outer loop
      vertex 75.4424 -46.6329 1.5
      vertex 68.5 6 1.5
      vertex 75.3207 -46.8902 1.5
    endloop
  endfacet
  facet normal 0 0 1
    outer loop
      vertex 75.3207 -46.8902 1.5
      vertex 68.5 6 1.5
      vertex 75.2249 -47.1582 1.5
    endloop
  endfacet
  facet normal 0 0 1
    outer loop
      vertex 75.114 -63.7158 1.5
      vertex 68.5 -72 1.5
      vertex 75.1 -64 1.5
    endloop
  endfacet
  facet normal 0 0 1
    outer loop
      vertex 75.7583 -65.8397 1.5
      vertex 74.4444 -72.6786 1.5
      vertex 74.9831 -72.3557 1.5
    endloop
  endfacet
  facet normal 0 0 1
    outer loop
      vertex 75.2249 -47.1582 1.5
      vertex 68.5 6 1.5
      vertex 75.1557 -47.4342 1.5
    endloop
  endfacet
  facet normal 0 0 1
    outer loop
      vertex 68.5 -72 1.5
      vertex 75.114 -47.7158 1.5
      vertex 68.5 6 1.5
    endloop
  endfacet
  facet normal 0 0 1
    outer loop
      vertex 75.7583 -65.8397 1.5
      vertex 68.5 -72 1.5
      vertex 74.4444 -72.6786 1.5
    endloop
  endfacet
  facet normal 0 0 1
    outer loop
      vertex 74.4444 -72.6786 1.5
      vertex 68.5 -72 1.5
      vertex 73.9399 -73.0527 1.5
    endloop
  endfacet
  facet normal 0 0 1
    outer loop
      vertex 73.9399 -73.0527 1.5
      vertex 68.5 -72 1.5
      vertex 73.4745 -73.4745 1.5
    endloop
  endfacet
  facet normal 0 0 1
    outer loop
      vertex 73.4745 -73.4745 1.5
      vertex 68.5 -72 1.5
      vertex 73.0527 -73.9399 1.5
    endloop
  endfacet
  facet normal 0 0 1
    outer loop
      vertex 73.0527 -73.9399 1.5
      vertex 68.5 -72 1.5
      vertex 72.6786 -74.4444 1.5
    endloop
  endfacet
  facet normal 0 0 1
    outer loop
      vertex 72.6786 -74.4444 1.5
      vertex 68.5 -72 1.5
      vertex 72.3557 -74.9831 1.5
    endloop
  endfacet
  facet normal 0 0 1
    outer loop
      vertex 72.3557 -74.9831 1.5
      vertex 68.5 -72 1.5
      vertex 72.0872 -75.5508 1.5
    endloop
  endfacet
  facet normal 0 0 1
    outer loop
      vertex 72.0872 -75.5508 1.5
      vertex 68.5 -72 1.5
      vertex 71.8756 -76.1422 1.5
    endloop
  endfacet
  facet normal 0 0 1
    outer loop
      vertex 75.1557 -47.4342 1.5
      vertex 68.5 6 1.5
      vertex 75.114 -47.7158 1.5
    endloop
  endfacet
  facet normal 0 0 1
    outer loop
      vertex 75.114 -47.7158 1.5
      vertex 68.5 -72 1.5
      vertex 75.1 -48 1.5
    endloop
  endfacet
  facet normal 0 0 1
    outer loop
      vertex 75.5 34.5 1.5
      vertex 44.5 29.5 1.5
      vertex 71.5 29.5 1.5
    endloop
  endfacet
  facet normal 0 0 1
    outer loop
      vertex 44.5 29.5 1.5
      vertex 40.5 34.5 1.5
      vertex 44.5 23.5 1.5
    endloop
  endfacet
  facet normal -0 0 1
    outer loop
      vertex 40.5 34.5 1.5
      vertex 44.5 29.5 1.5
      vertex 75.5 34.5 1.5
    endloop
  endfacet
  facet normal 0 0 -1
    outer loop
      vertex -90.1522 -78.2346 -1.5
      vertex 1.5 -72 -1.5
      vertex -90.0861 -78.4194 -1.5
    endloop
  endfacet
  facet normal 0 0 -1
    outer loop
      vertex -80.3 42.7 -1.5
      vertex -90.0096 78.804 -1.5
      vertex -90 79 -1.5
    endloop
  endfacet
  facet normal 0 0 -1
    outer loop
      vertex -90.2362 -78.0572 -1.5
      vertex 1.5 -72 -1.5
      vertex -90.1522 -78.2346 -1.5
    endloop
  endfacet
  facet normal 0 0 -1
    outer loop
      vertex -80.3 42.7 -1.5
      vertex -90.0384 78.6098 -1.5
      vertex -90.0096 78.804 -1.5
    endloop
  endfacet
  facet normal 0 0 -1
    outer loop
      vertex -90.3371 -77.8889 -1.5
      vertex 1.5 -72 -1.5
      vertex -90.2362 -78.0572 -1.5
    endloop
  endfacet
  facet normal 0 0 -1
    outer loop
      vertex -80.3 42.7 -1.5
      vertex -90.0861 78.4194 -1.5
      vertex -90.0384 78.6098 -1.5
    endloop
  endfacet
  facet normal 0 0 -1
    outer loop
      vertex -90.454 -77.7312 -1.5
      vertex 1.5 -72 -1.5
      vertex -90.3371 -77.8889 -1.5
    endloop
  endfacet
  facet normal 0 0 -1
    outer loop
      vertex -80.3 42.7 -1.5
      vertex -90.1522 78.2346 -1.5
      vertex -90.0861 78.4194 -1.5
    endloop
  endfacet
  facet normal 0 0 -1
    outer loop
      vertex -90.5858 -77.5858 -1.5
      vertex 1.5 -72 -1.5
      vertex -90.454 -77.7312 -1.5
    endloop
  endfacet
  facet normal 0 0 -1
    outer loop
      vertex -80.3 42.7 -1.5
      vertex -90.2362 78.0572 -1.5
      vertex -90.1522 78.2346 -1.5
    endloop
  endfacet
  facet normal -0 0 -1
    outer loop
      vertex 1.5 -72 -1.5
      vertex -90.5858 -77.5858 -1.5
      vertex 1.5 6 -1.5
    endloop
  endfacet
  facet normal 0 0 -1
    outer loop
      vertex -80.3 42.7 -1.5
      vertex -90.3371 77.8889 -1.5
      vertex -90.2362 78.0572 -1.5
    endloop
  endfacet
  facet normal 0 0 -1
    outer loop
      vertex -90.7312 -77.454 -1.5
      vertex 1.5 6 -1.5
      vertex -90.5858 -77.5858 -1.5
    endloop
  endfacet
  facet normal 0 0 -1
    outer loop
      vertex -80.3 42.7 -1.5
      vertex -90.454 77.7312 -1.5
      vertex -90.3371 77.8889 -1.5
    endloop
  endfacet
  facet normal 0 0 -1
    outer loop
      vertex -90.8889 -77.3371 -1.5
      vertex 1.5 6 -1.5
      vertex -90.7312 -77.454 -1.5
    endloop
  endfacet
  facet normal 0 0 -1
    outer loop
      vertex -80.3 42.7 -1.5
      vertex -90.5858 77.5858 -1.5
      vertex -90.454 77.7312 -1.5
    endloop
  endfacet
  facet normal 0 0 -1
    outer loop
      vertex -91.0572 -77.2362 -1.5
      vertex 1.5 6 -1.5
      vertex -90.8889 -77.3371 -1.5
    endloop
  endfacet
  facet normal 0 0 -1
    outer loop
      vertex -80.3 42.7 -1.5
      vertex -90.7312 77.454 -1.5
      vertex -90.5858 77.5858 -1.5
    endloop
  endfacet
  facet normal -0 0 -1
    outer loop
      vertex 1.5 6 -1.5
      vertex -91.0572 -77.2362 -1.5
      vertex -80.3 42.7 -1.5
    endloop
  endfacet
  facet normal 0 0 -1
    outer loop
      vertex -80.3 42.7 -1.5
      vertex -90.8889 77.3371 -1.5
      vertex -90.7312 77.454 -1.5
    endloop
  endfacet
  facet normal 0 0 -1
    outer loop
      vertex -91.2346 -77.1522 -1.5
      vertex -80.3 42.7 -1.5
      vertex -91.0572 -77.2362 -1.5
    endloop
  endfacet
  facet normal 0 0 -1
    outer loop
      vertex -80.3 42.7 -1.5
      vertex -91.0572 77.2362 -1.5
      vertex -90.8889 77.3371 -1.5
    endloop
  endfacet
  facet normal 0 0 -1
    outer loop
      vertex -91.4194 -77.0861 -1.5
      vertex -80.3 42.7 -1.5
      vertex -91.2346 -77.1522 -1.5
    endloop
  endfacet
  facet normal 0 0 -1
    outer loop
      vertex -80.3 42.7 -1.5
      vertex -91.2346 77.1522 -1.5
      vertex -91.0572 77.2362 -1.5
    endloop
  endfacet
  facet normal 0 0 -1
    outer loop
      vertex -91.6098 -77.0384 -1.5
      vertex -80.3 42.7 -1.5
      vertex -91.4194 -77.0861 -1.5
    endloop
  endfacet
  facet normal 0 0 -1
    outer loop
      vertex -80.3 42.7 -1.5
      vertex -91.4194 77.0861 -1.5
      vertex -91.2346 77.1522 -1.5
    endloop
  endfacet
  facet normal 0 0 -1
    outer loop
      vertex -91.804 -77.0096 -1.5
      vertex -80.3 42.7 -1.5
      vertex -91.6098 -77.0384 -1.5
    endloop
  endfacet
  facet normal 0 0 -1
    outer loop
      vertex -80.3 42.7 -1.5
      vertex -91.6098 77.0384 -1.5
      vertex -91.4194 77.0861 -1.5
    endloop
  endfacet
  facet normal 0 0 -1
    outer loop
      vertex -92 -77 -1.5
      vertex -80.3 42.7 -1.5
      vertex -91.804 -77.0096 -1.5
    endloop
  endfacet
  facet normal 0 0 -1
    outer loop
      vertex -80.3 42.7 -1.5
      vertex -91.804 77.0096 -1.5
      vertex -91.6098 77.0384 -1.5
    endloop
  endfacet
  facet normal 0 0 -1
    outer loop
      vertex -92.196 -77.0096 -1.5
      vertex -80.3 42.7 -1.5
      vertex -92 -77 -1.5
    endloop
  endfacet
  facet normal 0 0 -1
    outer loop
      vertex -80.3 42.7 -1.5
      vertex -92 77 -1.5
      vertex -91.804 77.0096 -1.5
    endloop
  endfacet
  facet normal 0 0 -1
    outer loop
      vertex -92.3902 -77.0384 -1.5
      vertex -80.3 42.7 -1.5
      vertex -92.196 -77.0096 -1.5
    endloop
  endfacet
  facet normal 0 0 -1
    outer loop
      vertex -80.3 42.7 -1.5
      vertex -92.196 77.0096 -1.5
      vertex -92 77 -1.5
    endloop
  endfacet
  facet normal 0 0 -1
    outer loop
      vertex -92.5806 -77.0861 -1.5
      vertex -80.3 42.7 -1.5
      vertex -92.3902 -77.0384 -1.5
    endloop
  endfacet
  facet normal 0 0 -1
    outer loop
      vertex -80.3 42.7 -1.5
      vertex -92.3902 77.0384 -1.5
      vertex -92.196 77.0096 -1.5
    endloop
  endfacet
  facet normal 0 0 -1
    outer loop
      vertex -92.7654 -77.1522 -1.5
      vertex -80.3 42.7 -1.5
      vertex -92.5806 -77.0861 -1.5
    endloop
  endfacet
  facet normal 0 0 -1
    outer loop
      vertex -80.3 42.7 -1.5
      vertex -92.5806 77.0861 -1.5
      vertex -92.3902 77.0384 -1.5
    endloop
  endfacet
  facet normal 0 0 -1
    outer loop
      vertex -92.9428 -77.2362 -1.5
      vertex -80.3 42.7 -1.5
      vertex -92.7654 -77.1522 -1.5
    endloop
  endfacet
  facet normal 0 0 -1
    outer loop
      vertex -80.3 42.7 -1.5
      vertex -92.7654 77.1522 -1.5
      vertex -92.5806 77.0861 -1.5
    endloop
  endfacet
  facet normal 0 0 -1
    outer loop
      vertex -93.1111 -77.3371 -1.5
      vertex -80.3 42.7 -1.5
      vertex -92.9428 -77.2362 -1.5
    endloop
  endfacet
  facet normal 0 0 -1
    outer loop
      vertex -80.3 42.7 -1.5
      vertex -92.9428 77.2362 -1.5
      vertex -92.7654 77.1522 -1.5
    endloop
  endfacet
  facet normal 0 0 -1
    outer loop
      vertex -93.2688 -77.454 -1.5
      vertex -80.3 42.7 -1.5
      vertex -93.1111 -77.3371 -1.5
    endloop
  endfacet
  facet normal 0 0 -1
    outer loop
      vertex -80.3 42.7 -1.5
      vertex -93.1111 77.3371 -1.5
      vertex -92.9428 77.2362 -1.5
    endloop
  endfacet
  facet normal 0 0 -1
    outer loop
      vertex -93.4142 -77.5858 -1.5
      vertex -80.3 42.7 -1.5
      vertex -93.2688 -77.454 -1.5
    endloop
  endfacet
  facet normal 0 0 -1
    outer loop
      vertex -80.3 42.7 -1.5
      vertex -93.2688 77.454 -1.5
      vertex -93.1111 77.3371 -1.5
    endloop
  endfacet
  facet normal 0 0 -1
    outer loop
      vertex -93.546 -77.7312 -1.5
      vertex -80.3 42.7 -1.5
      vertex -93.4142 -77.5858 -1.5
    endloop
  endfacet
  facet normal 0 0 -1
    outer loop
      vertex -80.3 42.7 -1.5
      vertex -93.4142 77.5858 -1.5
      vertex -93.2688 77.454 -1.5
    endloop
  endfacet
  facet normal 0 0 -1
    outer loop
      vertex -93.6629 -77.8889 -1.5
      vertex -80.3 42.7 -1.5
      vertex -93.546 -77.7312 -1.5
    endloop
  endfacet
  facet normal 0 0 -1
    outer loop
      vertex -80.3 42.7 -1.5
      vertex -93.546 77.7312 -1.5
      vertex -93.4142 77.5858 -1.5
    endloop
  endfacet
  facet normal 0 0 -1
    outer loop
      vertex -93.7638 -78.0572 -1.5
      vertex -80.3 42.7 -1.5
      vertex -93.6629 -77.8889 -1.5
    endloop
  endfacet
  facet normal 0 0 -1
    outer loop
      vertex -80.3 42.7 -1.5
      vertex -93.6629 77.8889 -1.5
      vertex -93.546 77.7312 -1.5
    endloop
  endfacet
  facet normal 0 0 -1
    outer loop
      vertex -100 -87.5 -1.5
      vertex -80.3 42.7 -1.5
      vertex -93.7638 -78.0572 -1.5
    endloop
  endfacet
  facet normal 0 0 -1
    outer loop
      vertex -80.3 42.7 -1.5
      vertex -93.7638 78.0572 -1.5
      vertex -93.6629 77.8889 -1.5
    endloop
  endfacet
  facet normal 0 0 -1
    outer loop
      vertex -100 -87.5 -1.5
      vertex -93.7638 -78.0572 -1.5
      vertex -93.8478 -78.2346 -1.5
    endloop
  endfacet
  facet normal 0 0 -1
    outer loop
      vertex -100 87.5 -1.5
      vertex -80.3 42.7 -1.5
      vertex -100 -87.5 -1.5
    endloop
  endfacet
  facet normal 0 0 -1
    outer loop
      vertex -100 -87.5 -1.5
      vertex -93.8478 -78.2346 -1.5
      vertex -93.9139 -78.4194 -1.5
    endloop
  endfacet
  facet normal 0 0 -1
    outer loop
      vertex -80.3 42.7 -1.5
      vertex -100 87.5 -1.5
      vertex -93.7638 78.0572 -1.5
    endloop
  endfacet
  facet normal 0 0 -1
    outer loop
      vertex -100 -87.5 -1.5
      vertex -93.9139 -78.4194 -1.5
      vertex -93.9616 -78.6098 -1.5
    endloop
  endfacet
  facet normal 0 0 -1
    outer loop
      vertex -93.7638 78.0572 -1.5
      vertex -100 87.5 -1.5
      vertex -93.8478 78.2346 -1.5
    endloop
  endfacet
  facet normal 0 0 -1
    outer loop
      vertex -100 -87.5 -1.5
      vertex -93.9616 -78.6098 -1.5
      vertex -93.9904 -78.804 -1.5
    endloop
  endfacet
  facet normal 0 0 -1
    outer loop
      vertex -93.8478 78.2346 -1.5
      vertex -100 87.5 -1.5
      vertex -93.9139 78.4194 -1.5
    endloop
  endfacet
  facet normal 0 0 -1
    outer loop
      vertex -100 -87.5 -1.5
      vertex -93.9904 -78.804 -1.5
      vertex -94 -79 -1.5
    endloop
  endfacet
  facet normal 0 0 -1
    outer loop
      vertex -93.9139 78.4194 -1.5
      vertex -100 87.5 -1.5
      vertex -93.9616 78.6098 -1.5
    endloop
  endfacet
  facet normal 0 0 -1
    outer loop
      vertex 75.5 34.5 -1.5
      vertex 68.5 6 -1.5
      vertex 71.5 23.5 -1.5
    endloop
  endfacet
  facet normal 0 0 -1
    outer loop
      vertex 68.5 6 -1.5
      vertex 44.5 23.5 -1.5
      vertex 71.5 23.5 -1.5
    endloop
  endfacet
  facet normal 0 0 -1
    outer loop
      vertex 44.5 23.5 -1.5
      vertex 40.5 34.5 -1.5
      vertex 44.5 29.5 -1.5
    endloop
  endfacet
  facet normal 0 0 -1
    outer loop
      vertex -9.7 42.7 -1.5
      vertex 40.5 34.5 -1.5
      vertex 1.5 6 -1.5
    endloop
  endfacet
  facet normal -0 0 -1
    outer loop
      vertex 44.5 23.5 -1.5
      vertex 1.5 6 -1.5
      vertex 40.5 34.5 -1.5
    endloop
  endfacet
  facet normal 0 0 -1
    outer loop
      vertex 1.5 6 -1.5
      vertex 44.5 23.5 -1.5
      vertex 68.5 6 -1.5
    endloop
  endfacet
  facet normal 0 0 -1
    outer loop
      vertex 68.5 6 -1.5
      vertex 75.5887 -46.3888 -1.5
      vertex 75.4424 -46.6329 -1.5
    endloop
  endfacet
  facet normal 0 0 -1
    outer loop
      vertex 68.5 6 -1.5
      vertex 75.4424 -46.6329 -1.5
      vertex 75.3207 -46.8902 -1.5
    endloop
  endfacet
  facet normal 0 0 -1
    outer loop
      vertex 68.5 6 -1.5
      vertex 75.3207 -46.8902 -1.5
      vertex 75.2249 -47.1582 -1.5
    endloop
  endfacet
  facet normal 0 0 -1
    outer loop
      vertex 68.5 6 -1.5
      vertex 75.2249 -47.1582 -1.5
      vertex 75.1557 -47.4342 -1.5
    endloop
  endfacet
  facet normal 0 0 -1
    outer loop
      vertex 68.5 -72 -1.5
      vertex 75.1557 -47.4342 -1.5
      vertex 75.114 -47.7158 -1.5
    endloop
  endfacet
  facet normal 0 0 -1
    outer loop
      vertex 68.5 -72 -1.5
      vertex 75.114 -47.7158 -1.5
      vertex 75.1 -48 -1.5
    endloop
  endfacet
  facet normal -0 0 -1
    outer loop
      vertex 75.114 -64.2842 -1.5
      vertex 68.5 -72 -1.5
      vertex 75.1 -64 -1.5
    endloop
  endfacet
  facet normal -0 0 -1
    outer loop
      vertex 75.1 -64 -1.5
      vertex 68.5 -72 -1.5
      vertex 75.1 -48 -1.5
    endloop
  endfacet
  facet normal 0 0 -1
    outer loop
      vertex 68.5 -72 -1.5
      vertex 74.4444 -72.6786 -1.5
      vertex 73.9399 -73.0527 -1.5
    endloop
  endfacet
  facet normal 0 0 -1
    outer loop
      vertex 68.5 -72 -1.5
      vertex 73.9399 -73.0527 -1.5
      vertex 73.4745 -73.4745 -1.5
    endloop
  endfacet
  facet normal 0 0 -1
    outer loop
      vertex 68.5 -72 -1.5
      vertex 73.4745 -73.4745 -1.5
      vertex 73.0527 -73.9399 -1.5
    endloop
  endfacet
  facet normal 0 0 -1
    outer loop
      vertex 68.5 -72 -1.5
      vertex 73.0527 -73.9399 -1.5
      vertex 72.6786 -74.4444 -1.5
    endloop
  endfacet
  facet normal 0 0 -1
    outer loop
      vertex 68.5 -72 -1.5
      vertex 72.6786 -74.4444 -1.5
      vertex 72.3557 -74.9831 -1.5
    endloop
  endfacet
  facet normal 0 0 -1
    outer loop
      vertex 68.5 -72 -1.5
      vertex 72.3557 -74.9831 -1.5
      vertex 72.0872 -75.5508 -1.5
    endloop
  endfacet
  facet normal 0 0 -1
    outer loop
      vertex 68.5 -72 -1.5
      vertex 72.0872 -75.5508 -1.5
      vertex 71.8756 -76.1422 -1.5
    endloop
  endfacet
  facet normal 0 0 -1
    outer loop
      vertex 68.5 -72 -1.5
      vertex 71.8756 -76.1422 -1.5
      vertex 71.723 -76.7514 -1.5
    endloop
  endfacet
  facet normal 0 0 -1
    outer loop
      vertex 68.5 -72 -1.5
      vertex 71.723 -76.7514 -1.5
      vertex 71.6308 -77.3727 -1.5
    endloop
  endfacet
  facet normal 0 0 -1
    outer loop
      vertex 68.5 -72 -1.5
      vertex 71.6308 -77.3727 -1.5
      vertex 71.6 -78 -1.5
    endloop
  endfacet
  facet normal 0 0 -1
    outer loop
      vertex 80.5576 -46.6329 -1.5
      vertex 68.5 6 -1.5
      vertex 75.5 34.5 -1.5
    endloop
  endfacet
  facet normal 0 0 -1
    outer loop
      vertex 71.5 29.5 -1.5
      vertex 75.5 34.5 -1.5
      vertex 71.5 23.5 -1.5
    endloop
  endfacet
  facet normal 0 0 -1
    outer loop
      vertex 44.5 29.5 -1.5
      vertex 75.5 34.5 -1.5
      vertex 71.5 29.5 -1.5
    endloop
  endfacet
  facet normal -0 0 -1
    outer loop
      vertex 75.5 34.5 -1.5
      vertex 44.5 29.5 -1.5
      vertex 40.5 34.5 -1.5
    endloop
  endfacet
  facet normal 0 0 -1
    outer loop
      vertex 80.7751 -63.1582 -1.5
      vertex 92.7654 -77.1522 -1.5
      vertex 80.8443 -63.4342 -1.5
    endloop
  endfacet
  facet normal 0 0 -1
    outer loop
      vertex 92.9428 -77.2362 -1.5
      vertex 80.886 -48.2842 -1.5
      vertex 80.9 -48 -1.5
    endloop
  endfacet
  facet normal 0 0 -1
    outer loop
      vertex 92.7654 -77.1522 -1.5
      vertex 80.7751 -63.1582 -1.5
      vertex 92.9428 -77.2362 -1.5
    endloop
  endfacet
  facet normal 0 0 -1
    outer loop
      vertex 92.9428 -77.2362 -1.5
      vertex 80.8443 -48.5658 -1.5
      vertex 80.886 -48.2842 -1.5
    endloop
  endfacet
  facet normal 0 0 -1
    outer loop
      vertex 80.7751 -48.8418 -1.5
      vertex 92.9428 -77.2362 -1.5
      vertex 80.7751 -63.1582 -1.5
    endloop
  endfacet
  facet normal 0 0 -1
    outer loop
      vertex 92.9428 -77.2362 -1.5
      vertex 80.7751 -48.8418 -1.5
      vertex 80.8443 -48.5658 -1.5
    endloop
  endfacet
  facet normal 0 0 -1
    outer loop
      vertex 80.6793 -62.8902 -1.5
      vertex 80.7751 -48.8418 -1.5
      vertex 80.7751 -63.1582 -1.5
    endloop
  endfacet
  facet normal 0 0 -1
    outer loop
      vertex 80.6793 -62.8902 -1.5
      vertex 80.6793 -49.1098 -1.5
      vertex 80.7751 -48.8418 -1.5
    endloop
  endfacet
  facet normal 0 0 -1
    outer loop
      vertex 80.5576 -62.6329 -1.5
      vertex 80.6793 -49.1098 -1.5
      vertex 80.6793 -62.8902 -1.5
    endloop
  endfacet
  facet normal 0 0 -1
    outer loop
      vertex 80.5576 -62.6329 -1.5
      vertex 80.5576 -49.3671 -1.5
      vertex 80.6793 -49.1098 -1.5
    endloop
  endfacet
  facet normal 0 0 -1
    outer loop
      vertex 80.4113 -62.3888 -1.5
      vertex 80.5576 -49.3671 -1.5
      vertex 80.5576 -62.6329 -1.5
    endloop
  endfacet
  facet normal 0 0 -1
    outer loop
      vertex 80.4113 -62.3888 -1.5
      vertex 80.4113 -49.6112 -1.5
      vertex 80.5576 -49.3671 -1.5
    endloop
  endfacet
  facet normal 0 0 -1
    outer loop
      vertex 80.2417 -62.1603 -1.5
      vertex 80.4113 -49.6112 -1.5
      vertex 80.4113 -62.3888 -1.5
    endloop
  endfacet
  facet normal 0 0 -1
    outer loop
      vertex 80.2417 -62.1603 -1.5
      vertex 80.2417 -49.8397 -1.5
      vertex 80.4113 -49.6112 -1.5
    endloop
  endfacet
  facet normal 0 0 -1
    outer loop
      vertex 80.0506 -61.9494 -1.5
      vertex 80.2417 -49.8397 -1.5
      vertex 80.2417 -62.1603 -1.5
    endloop
  endfacet
  facet normal 0 0 -1
    outer loop
      vertex 80.0506 -61.9494 -1.5
      vertex 80.0506 -50.0506 -1.5
      vertex 80.2417 -49.8397 -1.5
    endloop
  endfacet
  facet normal 0 0 -1
    outer loop
      vertex 79.8397 -61.7583 -1.5
      vertex 80.0506 -50.0506 -1.5
      vertex 80.0506 -61.9494 -1.5
    endloop
  endfacet
  facet normal 0 0 -1
    outer loop
      vertex 79.8397 -61.7583 -1.5
      vertex 79.8397 -50.2417 -1.5
      vertex 80.0506 -50.0506 -1.5
    endloop
  endfacet
  facet normal 0 0 -1
    outer loop
      vertex 79.6112 -61.5887 -1.5
      vertex 79.8397 -50.2417 -1.5
      vertex 79.8397 -61.7583 -1.5
    endloop
  endfacet
  facet normal 0 0 -1
    outer loop
      vertex 79.6112 -61.5887 -1.5
      vertex 79.6112 -50.4113 -1.5
      vertex 79.8397 -50.2417 -1.5
    endloop
  endfacet
  facet normal 0 0 -1
    outer loop
      vertex 79.3671 -61.4424 -1.5
      vertex 79.6112 -50.4113 -1.5
      vertex 79.6112 -61.5887 -1.5
    endloop
  endfacet
  facet normal 0 0 -1
    outer loop
      vertex 79.3671 -61.4424 -1.5
      vertex 79.3671 -50.5576 -1.5
      vertex 79.6112 -50.4113 -1.5
    endloop
  endfacet
  facet normal 0 0 -1
    outer loop
      vertex 79.1098 -61.3207 -1.5
      vertex 79.3671 -50.5576 -1.5
      vertex 79.3671 -61.4424 -1.5
    endloop
  endfacet
  facet normal 0 0 -1
    outer loop
      vertex 79.1098 -61.3207 -1.5
      vertex 79.1098 -50.6792 -1.5
      vertex 79.3671 -50.5576 -1.5
    endloop
  endfacet
  facet normal 0 0 -1
    outer loop
      vertex 78.8418 -61.2249 -1.5
      vertex 79.1098 -50.6792 -1.5
      vertex 79.1098 -61.3207 -1.5
    endloop
  endfacet
  facet normal 0 0 -1
    outer loop
      vertex 78.8418 -61.2249 -1.5
      vertex 78.8418 -50.7751 -1.5
      vertex 79.1098 -50.6792 -1.5
    endloop
  endfacet
  facet normal 0 0 -1
    outer loop
      vertex 78.5658 -61.1557 -1.5
      vertex 78.8418 -50.7751 -1.5
      vertex 78.8418 -61.2249 -1.5
    endloop
  endfacet
  facet normal 0 0 -1
    outer loop
      vertex 78.5658 -61.1557 -1.5
      vertex 78.5658 -50.8443 -1.5
      vertex 78.8418 -50.7751 -1.5
    endloop
  endfacet
  facet normal 0 0 -1
    outer loop
      vertex 78.2842 -61.114 -1.5
      vertex 78.5658 -50.8443 -1.5
      vertex 78.5658 -61.1557 -1.5
    endloop
  endfacet
  facet normal 0 0 -1
    outer loop
      vertex 78.2842 -61.114 -1.5
      vertex 78.2842 -50.886 -1.5
      vertex 78.5658 -50.8443 -1.5
    endloop
  endfacet
  facet normal 0 0 -1
    outer loop
      vertex 78 -61.1 -1.5
      vertex 78.2842 -50.886 -1.5
      vertex 78.2842 -61.114 -1.5
    endloop
  endfacet
  facet normal 0 0 -1
    outer loop
      vertex 78 -61.1 -1.5
      vertex 78 -50.9 -1.5
      vertex 78.2842 -50.886 -1.5
    endloop
  endfacet
  facet normal 0 0 -1
    outer loop
      vertex 77.7158 -61.114 -1.5
      vertex 78 -50.9 -1.5
      vertex 78 -61.1 -1.5
    endloop
  endfacet
  facet normal 0 0 -1
    outer loop
      vertex 77.7158 -61.114 -1.5
      vertex 77.7158 -50.886 -1.5
      vertex 78 -50.9 -1.5
    endloop
  endfacet
  facet normal 0 0 -1
    outer loop
      vertex 77.4342 -61.1557 -1.5
      vertex 77.7158 -50.886 -1.5
      vertex 77.7158 -61.114 -1.5
    endloop
  endfacet
  facet normal 0 0 -1
    outer loop
      vertex 77.4342 -61.1557 -1.5
      vertex 77.4342 -50.8443 -1.5
      vertex 77.7158 -50.886 -1.5
    endloop
  endfacet
  facet normal 0 0 -1
    outer loop
      vertex 77.1582 -61.2249 -1.5
      vertex 77.4342 -50.8443 -1.5
      vertex 77.4342 -61.1557 -1.5
    endloop
  endfacet
  facet normal 0 0 -1
    outer loop
      vertex 77.1582 -61.2249 -1.5
      vertex 77.1582 -50.7751 -1.5
      vertex 77.4342 -50.8443 -1.5
    endloop
  endfacet
  facet normal 0 0 -1
    outer loop
      vertex 76.8902 -61.3207 -1.5
      vertex 77.1582 -50.7751 -1.5
      vertex 77.1582 -61.2249 -1.5
    endloop
  endfacet
  facet normal 0 0 -1
    outer loop
      vertex 76.8902 -61.3207 -1.5
      vertex 76.8902 -50.6792 -1.5
      vertex 77.1582 -50.7751 -1.5
    endloop
  endfacet
  facet normal 0 0 -1
    outer loop
      vertex 76.6329 -61.4424 -1.5
      vertex 76.8902 -50.6792 -1.5
      vertex 76.8902 -61.3207 -1.5
    endloop
  endfacet
  facet normal 0 0 -1
    outer loop
      vertex 76.6329 -61.4424 -1.5
      vertex 76.6329 -50.5576 -1.5
      vertex 76.8902 -50.6792 -1.5
    endloop
  endfacet
  facet normal 0 0 -1
    outer loop
      vertex 76.3888 -61.5887 -1.5
      vertex 76.6329 -50.5576 -1.5
      vertex 76.6329 -61.4424 -1.5
    endloop
  endfacet
  facet normal 0 0 -1
    outer loop
      vertex 76.3888 -61.5887 -1.5
      vertex 76.3888 -50.4113 -1.5
      vertex 76.6329 -50.5576 -1.5
    endloop
  endfacet
  facet normal 0 0 -1
    outer loop
      vertex 76.1603 -61.7583 -1.5
      vertex 76.3888 -50.4113 -1.5
      vertex 76.3888 -61.5887 -1.5
    endloop
  endfacet
  facet normal 0 0 -1
    outer loop
      vertex 76.1603 -61.7583 -1.5
      vertex 76.1603 -50.2417 -1.5
      vertex 76.3888 -50.4113 -1.5
    endloop
  endfacet
  facet normal 0 0 -1
    outer loop
      vertex 75.9494 -61.9494 -1.5
      vertex 76.1603 -50.2417 -1.5
      vertex 76.1603 -61.7583 -1.5
    endloop
  endfacet
  facet normal 0 0 -1
    outer loop
      vertex 75.9494 -61.9494 -1.5
      vertex 75.9494 -50.0506 -1.5
      vertex 76.1603 -50.2417 -1.5
    endloop
  endfacet
  facet normal 0 0 -1
    outer loop
      vertex 75.7583 -62.1603 -1.5
      vertex 75.9494 -50.0506 -1.5
      vertex 75.9494 -61.9494 -1.5
    endloop
  endfacet
  facet normal 0 0 -1
    outer loop
      vertex 75.7583 -62.1603 -1.5
      vertex 75.7583 -49.8397 -1.5
      vertex 75.9494 -50.0506 -1.5
    endloop
  endfacet
  facet normal 0 0 -1
    outer loop
      vertex 75.5887 -62.3888 -1.5
      vertex 75.7583 -49.8397 -1.5
      vertex 75.7583 -62.1603 -1.5
    endloop
  endfacet
  facet normal 0 0 -1
    outer loop
      vertex 75.5887 -62.3888 -1.5
      vertex 75.5887 -49.6112 -1.5
      vertex 75.7583 -49.8397 -1.5
    endloop
  endfacet
  facet normal 0 0 -1
    outer loop
      vertex 75.4424 -62.6329 -1.5
      vertex 75.5887 -49.6112 -1.5
      vertex 75.5887 -62.3888 -1.5
    endloop
  endfacet
  facet normal 0 0 -1
    outer loop
      vertex 75.4424 -62.6329 -1.5
      vertex 75.4424 -49.3671 -1.5
      vertex 75.5887 -49.6112 -1.5
    endloop
  endfacet
  facet normal 0 0 -1
    outer loop
      vertex 75.3207 -62.8902 -1.5
      vertex 75.4424 -49.3671 -1.5
      vertex 75.4424 -62.6329 -1.5
    endloop
  endfacet
  facet normal 0 0 -1
    outer loop
      vertex 75.3207 -62.8902 -1.5
      vertex 75.3207 -49.1098 -1.5
      vertex 75.4424 -49.3671 -1.5
    endloop
  endfacet
  facet normal 0 0 -1
    outer loop
      vertex 75.2249 -63.1582 -1.5
      vertex 75.3207 -49.1098 -1.5
      vertex 75.3207 -62.8902 -1.5
    endloop
  endfacet
  facet normal 0 0 -1
    outer loop
      vertex 75.2249 -63.1582 -1.5
      vertex 75.2249 -48.8418 -1.5
      vertex 75.3207 -49.1098 -1.5
    endloop
  endfacet
  facet normal 0 0 -1
    outer loop
      vertex 75.1557 -63.4342 -1.5
      vertex 75.2249 -48.8418 -1.5
      vertex 75.2249 -63.1582 -1.5
    endloop
  endfacet
  facet normal 0 0 -1
    outer loop
      vertex 75.1557 -63.4342 -1.5
      vertex 75.1557 -48.5658 -1.5
      vertex 75.2249 -48.8418 -1.5
    endloop
  endfacet
  facet normal 0 0 -1
    outer loop
      vertex 75.114 -63.7158 -1.5
      vertex 75.1557 -48.5658 -1.5
      vertex 75.1557 -63.4342 -1.5
    endloop
  endfacet
  facet normal 0 0 -1
    outer loop
      vertex 75.114 -63.7158 -1.5
      vertex 75.114 -48.2842 -1.5
      vertex 75.1557 -48.5658 -1.5
    endloop
  endfacet
  facet normal 0 0 -1
    outer loop
      vertex 75.1 -64 -1.5
      vertex 75.114 -48.2842 -1.5
      vertex 75.114 -63.7158 -1.5
    endloop
  endfacet
  facet normal -0 0 -1
    outer loop
      vertex 75.114 -48.2842 -1.5
      vertex 75.1 -64 -1.5
      vertex 75.1 -48 -1.5
    endloop
  endfacet
  facet normal 0 0 -1
    outer loop
      vertex 92.196 -77.0096 -1.5
      vertex 80.886 -64.2842 -1.5
      vertex 80.9 -64 -1.5
    endloop
  endfacet
  facet normal 0 0 -1
    outer loop
      vertex 81.5556 -72.6786 -1.5
      vertex 80.8443 -64.5658 -1.5
      vertex 80.886 -64.2842 -1.5
    endloop
  endfacet
  facet normal 0 0 -1
    outer loop
      vertex 81.5556 -72.6786 -1.5
      vertex 80.7751 -64.8418 -1.5
      vertex 80.8443 -64.5658 -1.5
    endloop
  endfacet
  facet normal 0 0 -1
    outer loop
      vertex 81.5556 -72.6786 -1.5
      vertex 80.6793 -65.1098 -1.5
      vertex 80.7751 -64.8418 -1.5
    endloop
  endfacet
  facet normal 0 0 -1
    outer loop
      vertex 81.5556 -72.6786 -1.5
      vertex 80.5576 -65.3671 -1.5
      vertex 80.6793 -65.1098 -1.5
    endloop
  endfacet
  facet normal 0 0 -1
    outer loop
      vertex 79.8397 -66.2417 -1.5
      vertex 81.0169 -72.3557 -1.5
      vertex 80.4492 -72.0872 -1.5
    endloop
  endfacet
  facet normal 0 0 -1
    outer loop
      vertex 81.5556 -72.6786 -1.5
      vertex 80.4113 -65.6112 -1.5
      vertex 80.5576 -65.3671 -1.5
    endloop
  endfacet
  facet normal 0 0 -1
    outer loop
      vertex 81.5556 -72.6786 -1.5
      vertex 80.2417 -65.8397 -1.5
      vertex 80.4113 -65.6112 -1.5
    endloop
  endfacet
  facet normal 0 0 -1
    outer loop
      vertex 81.0169 -72.3557 -1.5
      vertex 80.0506 -66.0506 -1.5
      vertex 80.2417 -65.8397 -1.5
    endloop
  endfacet
  facet normal 0 0 -1
    outer loop
      vertex 79.6112 -66.4113 -1.5
      vertex 80.4492 -72.0872 -1.5
      vertex 79.8578 -71.8756 -1.5
    endloop
  endfacet
  facet normal 0 0 -1
    outer loop
      vertex 81.0169 -72.3557 -1.5
      vertex 79.8397 -66.2417 -1.5
      vertex 80.0506 -66.0506 -1.5
    endloop
  endfacet
  facet normal 0 0 -1
    outer loop
      vertex 80.4492 -72.0872 -1.5
      vertex 79.6112 -66.4113 -1.5
      vertex 79.8397 -66.2417 -1.5
    endloop
  endfacet
  facet normal 0 0 -1
    outer loop
      vertex 79.8578 -71.8756 -1.5
      vertex 79.3671 -66.5576 -1.5
      vertex 79.6112 -66.4113 -1.5
    endloop
  endfacet
  facet normal 0 0 -1
    outer loop
      vertex 79.1098 -66.6793 -1.5
      vertex 79.8578 -71.8756 -1.5
      vertex 79.2486 -71.723 -1.5
    endloop
  endfacet
  facet normal 0 0 -1
    outer loop
      vertex 79.8578 -71.8756 -1.5
      vertex 79.1098 -66.6793 -1.5
      vertex 79.3671 -66.5576 -1.5
    endloop
  endfacet
  facet normal 0 0 -1
    outer loop
      vertex 79.2486 -71.723 -1.5
      vertex 78.8418 -66.7751 -1.5
      vertex 79.1098 -66.6793 -1.5
    endloop
  endfacet
  facet normal 0 0 -1
    outer loop
      vertex 78.6273 -71.6308 -1.5
      vertex 78.8418 -66.7751 -1.5
      vertex 79.2486 -71.723 -1.5
    endloop
  endfacet
  facet normal 0 0 -1
    outer loop
      vertex 78.6273 -71.6308 -1.5
      vertex 78.5658 -66.8443 -1.5
      vertex 78.8418 -66.7751 -1.5
    endloop
  endfacet
  facet normal 0 0 -1
    outer loop
      vertex 78.6273 -71.6308 -1.5
      vertex 78.2842 -66.886 -1.5
      vertex 78.5658 -66.8443 -1.5
    endloop
  endfacet
  facet normal 0 0 -1
    outer loop
      vertex 78 -71.6 -1.5
      vertex 78.2842 -66.886 -1.5
      vertex 78.6273 -71.6308 -1.5
    endloop
  endfacet
  facet normal 0 0 -1
    outer loop
      vertex 78 -71.6 -1.5
      vertex 78 -66.9 -1.5
      vertex 78.2842 -66.886 -1.5
    endloop
  endfacet
  facet normal 0 0 -1
    outer loop
      vertex 78 -71.6 -1.5
      vertex 77.7158 -66.886 -1.5
      vertex 78 -66.9 -1.5
    endloop
  endfacet
  facet normal 0 0 -1
    outer loop
      vertex 77.3727 -71.6308 -1.5
      vertex 77.7158 -66.886 -1.5
      vertex 78 -71.6 -1.5
    endloop
  endfacet
  facet normal -0 0 -1
    outer loop
      vertex 77.7158 -66.886 -1.5
      vertex 77.3727 -71.6308 -1.5
      vertex 77.4342 -66.8443 -1.5
    endloop
  endfacet
  facet normal 0 0 -1
    outer loop
      vertex 77.3727 -71.6308 -1.5
      vertex 77.1582 -66.7751 -1.5
      vertex 77.4342 -66.8443 -1.5
    endloop
  endfacet
  facet normal 0 0 -1
    outer loop
      vertex 76.7514 -71.723 -1.5
      vertex 77.1582 -66.7751 -1.5
      vertex 77.3727 -71.6308 -1.5
    endloop
  endfacet
  facet normal -0 0 -1
    outer loop
      vertex 77.1582 -66.7751 -1.5
      vertex 76.7514 -71.723 -1.5
      vertex 76.8902 -66.6793 -1.5
    endloop
  endfacet
  facet normal 0 0 -1
    outer loop
      vertex 76.1422 -71.8756 -1.5
      vertex 76.8902 -66.6793 -1.5
      vertex 76.7514 -71.723 -1.5
    endloop
  endfacet
  facet normal -0 0 -1
    outer loop
      vertex 76.8902 -66.6793 -1.5
      vertex 76.1422 -71.8756 -1.5
      vertex 76.6329 -66.5576 -1.5
    endloop
  endfacet
  facet normal -0 0 -1
    outer loop
      vertex 76.6329 -66.5576 -1.5
      vertex 76.1422 -71.8756 -1.5
      vertex 76.3888 -66.4113 -1.5
    endloop
  endfacet
  facet normal 0 0 -1
    outer loop
      vertex 75.5508 -72.0872 -1.5
      vertex 76.3888 -66.4113 -1.5
      vertex 76.1422 -71.8756 -1.5
    endloop
  endfacet
  facet normal -0 0 -1
    outer loop
      vertex 76.3888 -66.4113 -1.5
      vertex 75.5508 -72.0872 -1.5
      vertex 76.1603 -66.2417 -1.5
    endloop
  endfacet
  facet normal 0 0 -1
    outer loop
      vertex 74.9831 -72.3557 -1.5
      vertex 76.1603 -66.2417 -1.5
      vertex 75.5508 -72.0872 -1.5
    endloop
  endfacet
  facet normal -0 0 -1
    outer loop
      vertex 76.1603 -66.2417 -1.5
      vertex 74.9831 -72.3557 -1.5
      vertex 75.9494 -66.0506 -1.5
    endloop
  endfacet
  facet normal -0 0 -1
    outer loop
      vertex 75.9494 -66.0506 -1.5
      vertex 74.9831 -72.3557 -1.5
      vertex 75.7583 -65.8397 -1.5
    endloop
  endfacet
  facet normal 0 0 -1
    outer loop
      vertex 74.4444 -72.6786 -1.5
      vertex 75.7583 -65.8397 -1.5
      vertex 74.9831 -72.3557 -1.5
    endloop
  endfacet
  facet normal 0 0 -1
    outer loop
      vertex 68.5 -72 -1.5
      vertex 75.7583 -65.8397 -1.5
      vertex 74.4444 -72.6786 -1.5
    endloop
  endfacet
  facet normal -0 0 -1
    outer loop
      vertex 75.7583 -65.8397 -1.5
      vertex 68.5 -72 -1.5
      vertex 75.5887 -65.6112 -1.5
    endloop
  endfacet
  facet normal -0 0 -1
    outer loop
      vertex 75.5887 -65.6112 -1.5
      vertex 68.5 -72 -1.5
      vertex 75.4424 -65.3671 -1.5
    endloop
  endfacet
  facet normal -0 0 -1
    outer loop
      vertex 75.4424 -65.3671 -1.5
      vertex 68.5 -72 -1.5
      vertex 75.3207 -65.1098 -1.5
    endloop
  endfacet
  facet normal -0 0 -1
    outer loop
      vertex 75.1557 -64.5658 -1.5
      vertex 68.5 -72 -1.5
      vertex 75.114 -64.2842 -1.5
    endloop
  endfacet
  facet normal -0 0 -1
    outer loop
      vertex 75.2249 -64.8418 -1.5
      vertex 68.5 -72 -1.5
      vertex 75.1557 -64.5658 -1.5
    endloop
  endfacet
  facet normal -0 0 -1
    outer loop
      vertex 75.3207 -65.1098 -1.5
      vertex 68.5 -72 -1.5
      vertex 75.2249 -64.8418 -1.5
    endloop
  endfacet
  facet normal 0 0 -1
    outer loop
      vertex 93.9139 -78.4194 -1.5
      vertex 100 -87.5 -1.5
      vertex 93.9616 -78.6098 -1.5
    endloop
  endfacet
  facet normal 0 0 -1
    outer loop
      vertex 100 87.5 -1.5
      vertex 93.9904 78.804 -1.5
      vertex 94 79 -1.5
    endloop
  endfacet
  facet normal 0 0 -1
    outer loop
      vertex 93.8478 -78.2346 -1.5
      vertex 100 -87.5 -1.5
      vertex 93.9139 -78.4194 -1.5
    endloop
  endfacet
  facet normal 0 0 -1
    outer loop
      vertex 100 87.5 -1.5
      vertex 93.9616 78.6098 -1.5
      vertex 93.9904 78.804 -1.5
    endloop
  endfacet
  facet normal 0 0 -1
    outer loop
      vertex 93.7638 -78.0572 -1.5
      vertex 100 -87.5 -1.5
      vertex 93.8478 -78.2346 -1.5
    endloop
  endfacet
  facet normal 0 0 -1
    outer loop
      vertex 100 87.5 -1.5
      vertex 93.9139 78.4194 -1.5
      vertex 93.9616 78.6098 -1.5
    endloop
  endfacet
  facet normal 0 0 -1
    outer loop
      vertex 80.7751 -47.1582 -1.5
      vertex 100 -87.5 -1.5
      vertex 93.7638 -78.0572 -1.5
    endloop
  endfacet
  facet normal 0 0 -1
    outer loop
      vertex 100 87.5 -1.5
      vertex 93.8478 78.2346 -1.5
      vertex 93.9139 78.4194 -1.5
    endloop
  endfacet
  facet normal 0 0 -1
    outer loop
      vertex 100 -87.5 -1.5
      vertex 80.7751 -47.1582 -1.5
      vertex 100 87.5 -1.5
    endloop
  endfacet
  facet normal 0 0 -1
    outer loop
      vertex 100 87.5 -1.5
      vertex 93.7638 78.0572 -1.5
      vertex 93.8478 78.2346 -1.5
    endloop
  endfacet
  facet normal 0 0 -1
    outer loop
      vertex 80.7751 -47.1582 -1.5
      vertex 93.7638 -78.0572 -1.5
      vertex 93.6629 -77.8889 -1.5
    endloop
  endfacet
  facet normal 0 0 -1
    outer loop
      vertex 100 87.5 -1.5
      vertex 80.7751 -47.1582 -1.5
      vertex 93.7638 78.0572 -1.5
    endloop
  endfacet
  facet normal 0 0 -1
    outer loop
      vertex 80.8443 -47.4342 -1.5
      vertex 93.6629 -77.8889 -1.5
      vertex 93.546 -77.7312 -1.5
    endloop
  endfacet
  facet normal 0 0 -1
    outer loop
      vertex 93.7638 78.0572 -1.5
      vertex 80.7751 -47.1582 -1.5
      vertex 93.6629 77.8889 -1.5
    endloop
  endfacet
  facet normal 0 0 -1
    outer loop
      vertex 80.886 -47.7158 -1.5
      vertex 93.546 -77.7312 -1.5
      vertex 93.4142 -77.5858 -1.5
    endloop
  endfacet
  facet normal 0 0 -1
    outer loop
      vertex 80.6793 -46.8902 -1.5
      vertex 93.6629 77.8889 -1.5
      vertex 80.7751 -47.1582 -1.5
    endloop
  endfacet
  facet normal 0 0 -1
    outer loop
      vertex 80.9 -48 -1.5
      vertex 93.4142 -77.5858 -1.5
      vertex 93.2688 -77.454 -1.5
    endloop
  endfacet
  facet normal 0 0 -1
    outer loop
      vertex 75.5 34.5 -1.5
      vertex 93.6629 77.8889 -1.5
      vertex 80.6793 -46.8902 -1.5
    endloop
  endfacet
  facet normal 0 0 -1
    outer loop
      vertex 80.9 -48 -1.5
      vertex 93.2688 -77.454 -1.5
      vertex 93.1111 -77.3371 -1.5
    endloop
  endfacet
  facet normal 0 0 -1
    outer loop
      vertex 93.6629 77.8889 -1.5
      vertex 75.5 34.5 -1.5
      vertex 93.546 77.7312 -1.5
    endloop
  endfacet
  facet normal 0 0 -1
    outer loop
      vertex 80.9 -48 -1.5
      vertex 93.1111 -77.3371 -1.5
      vertex 92.9428 -77.2362 -1.5
    endloop
  endfacet
  facet normal 0 0 -1
    outer loop
      vertex 93.546 77.7312 -1.5
      vertex 75.5 34.5 -1.5
      vertex 93.4142 77.5858 -1.5
    endloop
  endfacet
  facet normal 0 0 -1
    outer loop
      vertex 92.5806 -77.0861 -1.5
      vertex 80.8443 -63.4342 -1.5
      vertex 92.7654 -77.1522 -1.5
    endloop
  endfacet
  facet normal 0 0 -1
    outer loop
      vertex 93.4142 77.5858 -1.5
      vertex 75.5 34.5 -1.5
      vertex 93.2688 77.454 -1.5
    endloop
  endfacet
  facet normal 0 0 -1
    outer loop
      vertex 92.3902 -77.0384 -1.5
      vertex 80.886 -63.7158 -1.5
      vertex 92.5806 -77.0861 -1.5
    endloop
  endfacet
  facet normal 0 0 -1
    outer loop
      vertex 93.1111 77.3371 -1.5
      vertex 75.5 34.5 -1.5
      vertex 92.9428 77.2362 -1.5
    endloop
  endfacet
  facet normal 0 0 -1
    outer loop
      vertex 80.886 -63.7158 -1.5
      vertex 92.3902 -77.0384 -1.5
      vertex 80.9 -64 -1.5
    endloop
  endfacet
  facet normal 0 0 -1
    outer loop
      vertex 92.9428 77.2362 -1.5
      vertex 75.5 34.5 -1.5
      vertex 92.7654 77.1522 -1.5
    endloop
  endfacet
  facet normal 0 0 -1
    outer loop
      vertex 80.9 -64 -1.5
      vertex 92.3902 -77.0384 -1.5
      vertex 92.196 -77.0096 -1.5
    endloop
  endfacet
  facet normal 0 0 -1
    outer loop
      vertex 92.7654 77.1522 -1.5
      vertex 75.5 34.5 -1.5
      vertex 92.5806 77.0861 -1.5
    endloop
  endfacet
  facet normal 0 0 -1
    outer loop
      vertex 80.886 -64.2842 -1.5
      vertex 92.196 -77.0096 -1.5
      vertex 92 -77 -1.5
    endloop
  endfacet
  facet normal 0 0 -1
    outer loop
      vertex 92.5806 77.0861 -1.5
      vertex 75.5 34.5 -1.5
      vertex 92.3902 77.0384 -1.5
    endloop
  endfacet
  facet normal 0 0 -1
    outer loop
      vertex 80.886 -64.2842 -1.5
      vertex 92 -77 -1.5
      vertex 91.804 -77.0096 -1.5
    endloop
  endfacet
  facet normal 0 0 -1
    outer loop
      vertex 92.3902 77.0384 -1.5
      vertex 75.5 34.5 -1.5
      vertex 92.196 77.0096 -1.5
    endloop
  endfacet
  facet normal 0 0 -1
    outer loop
      vertex 80.886 -64.2842 -1.5
      vertex 91.804 -77.0096 -1.5
      vertex 91.6098 -77.0384 -1.5
    endloop
  endfacet
  facet normal 0 0 -1
    outer loop
      vertex 92.196 77.0096 -1.5
      vertex 75.5 34.5 -1.5
      vertex 92 77 -1.5
    endloop
  endfacet
  facet normal 0 0 -1
    outer loop
      vertex 82.9473 -73.9399 -1.5
      vertex 91.6098 -77.0384 -1.5
      vertex 91.4194 -77.0861 -1.5
    endloop
  endfacet
  facet normal 0 0 -1
    outer loop
      vertex 75.5 69.5 -1.5
      vertex 92 77 -1.5
      vertex 75.5 34.5 -1.5
    endloop
  endfacet
  facet normal 0 0 -1
    outer loop
      vertex 83.3214 -74.4444 -1.5
      vertex 91.4194 -77.0861 -1.5
      vertex 91.2346 -77.1522 -1.5
    endloop
  endfacet
  facet normal 0 0 -1
    outer loop
      vertex 93.6629 -77.8889 -1.5
      vertex 80.8443 -47.4342 -1.5
      vertex 80.7751 -47.1582 -1.5
    endloop
  endfacet
  facet normal 0 0 -1
    outer loop
      vertex 83.6443 -74.9831 -1.5
      vertex 91.2346 -77.1522 -1.5
      vertex 91.0572 -77.2362 -1.5
    endloop
  endfacet
  facet normal -0 0 -1
    outer loop
      vertex 92 77 -1.5
      vertex 75.5 69.5 -1.5
      vertex 91.804 77.0096 -1.5
    endloop
  endfacet
  facet normal 0 0 -1
    outer loop
      vertex 83.6443 -74.9831 -1.5
      vertex 91.0572 -77.2362 -1.5
      vertex 90.8889 -77.3371 -1.5
    endloop
  endfacet
  facet normal -0 0 -1
    outer loop
      vertex 91.804 77.0096 -1.5
      vertex 75.5 69.5 -1.5
      vertex 91.6098 77.0384 -1.5
    endloop
  endfacet
  facet normal 0 0 -1
    outer loop
      vertex 83.9128 -75.5508 -1.5
      vertex 90.8889 -77.3371 -1.5
      vertex 90.7312 -77.454 -1.5
    endloop
  endfacet
  facet normal -0 0 -1
    outer loop
      vertex 91.6098 77.0384 -1.5
      vertex 75.5 69.5 -1.5
      vertex 91.4194 77.0861 -1.5
    endloop
  endfacet
  facet normal 0 0 -1
    outer loop
      vertex 83.9128 -75.5508 -1.5
      vertex 90.7312 -77.454 -1.5
      vertex 90.5858 -77.5858 -1.5
    endloop
  endfacet
  facet normal -0 0 -1
    outer loop
      vertex 91.4194 77.0861 -1.5
      vertex 75.5 69.5 -1.5
      vertex 91.2346 77.1522 -1.5
    endloop
  endfacet
  facet normal 0 0 -1
    outer loop
      vertex 84.1244 -76.1422 -1.5
      vertex 90.5858 -77.5858 -1.5
      vertex 90.454 -77.7312 -1.5
    endloop
  endfacet
  facet normal -0 0 -1
    outer loop
      vertex 91.2346 77.1522 -1.5
      vertex 75.5 69.5 -1.5
      vertex 91.0572 77.2362 -1.5
    endloop
  endfacet
  facet normal 0 0 -1
    outer loop
      vertex 84.277 -76.7514 -1.5
      vertex 90.454 -77.7312 -1.5
      vertex 90.3371 -77.8889 -1.5
    endloop
  endfacet
  facet normal -0 0 -1
    outer loop
      vertex 91.0572 77.2362 -1.5
      vertex 75.5 69.5 -1.5
      vertex 90.8889 77.3371 -1.5
    endloop
  endfacet
  facet normal 0 0 -1
    outer loop
      vertex 84.277 -76.7514 -1.5
      vertex 90.3371 -77.8889 -1.5
      vertex 90.2362 -78.0572 -1.5
    endloop
  endfacet
  facet normal -0 0 -1
    outer loop
      vertex 90.8889 77.3371 -1.5
      vertex 75.5 69.5 -1.5
      vertex 90.7312 77.454 -1.5
    endloop
  endfacet
  facet normal 0 0 -1
    outer loop
      vertex 84.3692 -77.3727 -1.5
      vertex 90.2362 -78.0572 -1.5
      vertex 90.1522 -78.2346 -1.5
    endloop
  endfacet
  facet normal -0 0 -1
    outer loop
      vertex 90.7312 77.454 -1.5
      vertex 75.5 69.5 -1.5
      vertex 90.5858 77.5858 -1.5
    endloop
  endfacet
  facet normal 0 0 -1
    outer loop
      vertex 84.3692 -77.3727 -1.5
      vertex 90.1522 -78.2346 -1.5
      vertex 90.0861 -78.4194 -1.5
    endloop
  endfacet
  facet normal -0 0 -1
    outer loop
      vertex 90.5858 77.5858 -1.5
      vertex 75.5 69.5 -1.5
      vertex 90.454 77.7312 -1.5
    endloop
  endfacet
  facet normal 0 0 -1
    outer loop
      vertex 84.4 -78 -1.5
      vertex 90.0861 -78.4194 -1.5
      vertex 90.0384 -78.6098 -1.5
    endloop
  endfacet
  facet normal -0 0 -1
    outer loop
      vertex 90.454 77.7312 -1.5
      vertex 75.5 69.5 -1.5
      vertex 90.3371 77.8889 -1.5
    endloop
  endfacet
  facet normal 0 0 -1
    outer loop
      vertex 84.4 -78 -1.5
      vertex 90.0384 -78.6098 -1.5
      vertex 90.0096 -78.804 -1.5
    endloop
  endfacet
  facet normal -0 0 -1
    outer loop
      vertex 90.3371 77.8889 -1.5
      vertex 75.5 69.5 -1.5
      vertex 90.2362 78.0572 -1.5
    endloop
  endfacet
  facet normal 0 0 -1
    outer loop
      vertex 84.3692 -78.6273 -1.5
      vertex 90.0096 -78.804 -1.5
      vertex 90 -79 -1.5
    endloop
  endfacet
  facet normal -0 0 -1
    outer loop
      vertex 90.2362 78.0572 -1.5
      vertex 75.5 69.5 -1.5
      vertex 90.1522 78.2346 -1.5
    endloop
  endfacet
  facet normal 0 0 -1
    outer loop
      vertex 93.9904 -78.804 -1.5
      vertex 100 -87.5 -1.5
      vertex 94 -79 -1.5
    endloop
  endfacet
  facet normal 0 0 -1
    outer loop
      vertex 100 -87.5 -1.5
      vertex 93.9904 -79.196 -1.5
      vertex 94 -79 -1.5
    endloop
  endfacet
  facet normal 0 0 -1
    outer loop
      vertex 100 -87.5 -1.5
      vertex 93.9616 -79.3902 -1.5
      vertex 93.9904 -79.196 -1.5
    endloop
  endfacet
  facet normal 0 0 -1
    outer loop
      vertex 100 -87.5 -1.5
      vertex 93.9139 -79.5806 -1.5
      vertex 93.9616 -79.3902 -1.5
    endloop
  endfacet
  facet normal 0 0 -1
    outer loop
      vertex 100 -87.5 -1.5
      vertex 93.8478 -79.7654 -1.5
      vertex 93.9139 -79.5806 -1.5
    endloop
  endfacet
  facet normal 0 0 -1
    outer loop
      vertex 100 -87.5 -1.5
      vertex 93.7638 -79.9428 -1.5
      vertex 93.8478 -79.7654 -1.5
    endloop
  endfacet
  facet normal 0 0 -1
    outer loop
      vertex 100 -87.5 -1.5
      vertex 93.6629 -80.1111 -1.5
      vertex 93.7638 -79.9428 -1.5
    endloop
  endfacet
  facet normal 0 0 -1
    outer loop
      vertex 100 -87.5 -1.5
      vertex 93.546 -80.2688 -1.5
      vertex 93.6629 -80.1111 -1.5
    endloop
  endfacet
  facet normal 0 0 -1
    outer loop
      vertex 100 -87.5 -1.5
      vertex 93.4142 -80.4142 -1.5
      vertex 93.546 -80.2688 -1.5
    endloop
  endfacet
  facet normal 0 0 -1
    outer loop
      vertex 100 -87.5 -1.5
      vertex 93.2688 -80.546 -1.5
      vertex 93.4142 -80.4142 -1.5
    endloop
  endfacet
  facet normal 0 0 -1
    outer loop
      vertex 100 -87.5 -1.5
      vertex 93.1111 -80.6629 -1.5
      vertex 93.2688 -80.546 -1.5
    endloop
  endfacet
  facet normal 0 0 -1
    outer loop
      vertex 100 -87.5 -1.5
      vertex 92.9428 -80.7638 -1.5
      vertex 93.1111 -80.6629 -1.5
    endloop
  endfacet
  facet normal 0 0 -1
    outer loop
      vertex 100 -87.5 -1.5
      vertex 92.7654 -80.8478 -1.5
      vertex 92.9428 -80.7638 -1.5
    endloop
  endfacet
  facet normal 0 0 -1
    outer loop
      vertex 100 -87.5 -1.5
      vertex 92.5806 -80.9139 -1.5
      vertex 92.7654 -80.8478 -1.5
    endloop
  endfacet
  facet normal 0 0 -1
    outer loop
      vertex 100 -87.5 -1.5
      vertex 92.3902 -80.9616 -1.5
      vertex 92.5806 -80.9139 -1.5
    endloop
  endfacet
  facet normal 0 0 -1
    outer loop
      vertex 100 -87.5 -1.5
      vertex 92.196 -80.9904 -1.5
      vertex 92.3902 -80.9616 -1.5
    endloop
  endfacet
  facet normal 0 0 -1
    outer loop
      vertex 100 -87.5 -1.5
      vertex 92 -81 -1.5
      vertex 92.196 -80.9904 -1.5
    endloop
  endfacet
  facet normal 0 0 -1
    outer loop
      vertex 100 -87.5 -1.5
      vertex 91.804 -80.9904 -1.5
      vertex 92 -81 -1.5
    endloop
  endfacet
  facet normal 0 0 -1
    outer loop
      vertex 100 -87.5 -1.5
      vertex 91.6098 -80.9616 -1.5
      vertex 91.804 -80.9904 -1.5
    endloop
  endfacet
  facet normal 0 0 -1
    outer loop
      vertex 82.0601 -82.9473 -1.5
      vertex 91.6098 -80.9616 -1.5
      vertex 100 -87.5 -1.5
    endloop
  endfacet
  facet normal -0 0 -1
    outer loop
      vertex 91.6098 -80.9616 -1.5
      vertex 82.0601 -82.9473 -1.5
      vertex 91.4194 -80.9139 -1.5
    endloop
  endfacet
  facet normal 0 -0 -1
    outer loop
      vertex 82.5255 -82.5255 -1.5
      vertex 91.4194 -80.9139 -1.5
      vertex 82.0601 -82.9473 -1.5
    endloop
  endfacet
  facet normal -0 0 -1
    outer loop
      vertex 91.4194 -80.9139 -1.5
      vertex 82.5255 -82.5255 -1.5
      vertex 91.2346 -80.8478 -1.5
    endloop
  endfacet
  facet normal -0 0 -1
    outer loop
      vertex 91.2346 -80.8478 -1.5
      vertex 82.5255 -82.5255 -1.5
      vertex 91.0572 -80.7638 -1.5
    endloop
  endfacet
  facet normal 0 0 -1
    outer loop
      vertex 90.0861 -78.4194 -1.5
      vertex 84.4 -78 -1.5
      vertex 84.3692 -77.3727 -1.5
    endloop
  endfacet
  facet normal 0 0 -1
    outer loop
      vertex 84.3692 -78.6273 -1.5
      vertex 90 -79 -1.5
      vertex 90.0096 -79.196 -1.5
    endloop
  endfacet
  facet normal 0 0 -1
    outer loop
      vertex 84.277 -79.2486 -1.5
      vertex 90.0096 -79.196 -1.5
      vertex 90.0384 -79.3902 -1.5
    endloop
  endfacet
  facet normal 0 0 -1
    outer loop
      vertex 84.277 -79.2486 -1.5
      vertex 90.0384 -79.3902 -1.5
      vertex 90.0861 -79.5806 -1.5
    endloop
  endfacet
  facet normal 0 0 -1
    outer loop
      vertex 84.1244 -79.8578 -1.5
      vertex 90.0861 -79.5806 -1.5
      vertex 90.1522 -79.7654 -1.5
    endloop
  endfacet
  facet normal 0 0 -1
    outer loop
      vertex 84.1244 -79.8578 -1.5
      vertex 90.1522 -79.7654 -1.5
      vertex 90.2362 -79.9428 -1.5
    endloop
  endfacet
  facet normal 0 0 -1
    outer loop
      vertex 83.9128 -80.4492 -1.5
      vertex 90.2362 -79.9428 -1.5
      vertex 90.3371 -80.1111 -1.5
    endloop
  endfacet
  facet normal 0 0 -1
    outer loop
      vertex 83.6443 -81.0169 -1.5
      vertex 90.3371 -80.1111 -1.5
      vertex 90.454 -80.2688 -1.5
    endloop
  endfacet
  facet normal 0 0 -1
    outer loop
      vertex 83.6443 -81.0169 -1.5
      vertex 90.454 -80.2688 -1.5
      vertex 90.5858 -80.4142 -1.5
    endloop
  endfacet
  facet normal 0 0 -1
    outer loop
      vertex 83.3214 -81.5556 -1.5
      vertex 90.5858 -80.4142 -1.5
      vertex 90.7312 -80.546 -1.5
    endloop
  endfacet
  facet normal 0 -0 -1
    outer loop
      vertex 82.9473 -82.0601 -1.5
      vertex 91.0572 -80.7638 -1.5
      vertex 82.5255 -82.5255 -1.5
    endloop
  endfacet
  facet normal 0 0 -1
    outer loop
      vertex 90.0096 -78.804 -1.5
      vertex 84.3692 -78.6273 -1.5
      vertex 84.4 -78 -1.5
    endloop
  endfacet
  facet normal -0 0 -1
    outer loop
      vertex 90.0096 -79.196 -1.5
      vertex 84.277 -79.2486 -1.5
      vertex 84.3692 -78.6273 -1.5
    endloop
  endfacet
  facet normal -0 0 -1
    outer loop
      vertex 90.0861 -79.5806 -1.5
      vertex 84.1244 -79.8578 -1.5
      vertex 84.277 -79.2486 -1.5
    endloop
  endfacet
  facet normal -0 0 -1
    outer loop
      vertex 90.2362 -79.9428 -1.5
      vertex 83.9128 -80.4492 -1.5
      vertex 84.1244 -79.8578 -1.5
    endloop
  endfacet
  facet normal 0 0 -1
    outer loop
      vertex 90.3371 -80.1111 -1.5
      vertex 83.6443 -81.0169 -1.5
      vertex 83.9128 -80.4492 -1.5
    endloop
  endfacet
  facet normal 0 0 -1
    outer loop
      vertex 90.5858 -80.4142 -1.5
      vertex 83.3214 -81.5556 -1.5
      vertex 83.6443 -81.0169 -1.5
    endloop
  endfacet
  facet normal -0 0 -1
    outer loop
      vertex 90.8889 -80.6629 -1.5
      vertex 83.3214 -81.5556 -1.5
      vertex 90.7312 -80.546 -1.5
    endloop
  endfacet
  facet normal 0 -0 -1
    outer loop
      vertex 83.3214 -81.5556 -1.5
      vertex 90.8889 -80.6629 -1.5
      vertex 82.9473 -82.0601 -1.5
    endloop
  endfacet
  facet normal -0 0 -1
    outer loop
      vertex 91.0572 -80.7638 -1.5
      vertex 82.9473 -82.0601 -1.5
      vertex 90.8889 -80.6629 -1.5
    endloop
  endfacet
  facet normal 0 0 -1
    outer loop
      vertex 100 -87.5 -1.5
      vertex 81.5556 -83.3214 -1.5
      vertex 82.0601 -82.9473 -1.5
    endloop
  endfacet
  facet normal 0 0 -1
    outer loop
      vertex 100 -87.5 -1.5
      vertex 81.0169 -83.6443 -1.5
      vertex 81.5556 -83.3214 -1.5
    endloop
  endfacet
  facet normal 0 0 -1
    outer loop
      vertex 100 -87.5 -1.5
      vertex 80.4492 -83.9128 -1.5
      vertex 81.0169 -83.6443 -1.5
    endloop
  endfacet
  facet normal 0 0 -1
    outer loop
      vertex 100 -87.5 -1.5
      vertex 79.8578 -84.1244 -1.5
      vertex 80.4492 -83.9128 -1.5
    endloop
  endfacet
  facet normal 0 0 -1
    outer loop
      vertex 100 -87.5 -1.5
      vertex 79.2486 -84.277 -1.5
      vertex 79.8578 -84.1244 -1.5
    endloop
  endfacet
  facet normal 0 0 -1
    outer loop
      vertex 100 -87.5 -1.5
      vertex 78.6273 -84.3692 -1.5
      vertex 79.2486 -84.277 -1.5
    endloop
  endfacet
  facet normal 0 0 -1
    outer loop
      vertex 100 -87.5 -1.5
      vertex 78 -84.4 -1.5
      vertex 78.6273 -84.3692 -1.5
    endloop
  endfacet
  facet normal 0 0 -1
    outer loop
      vertex 100 -87.5 -1.5
      vertex 77.3727 -84.3692 -1.5
      vertex 78 -84.4 -1.5
    endloop
  endfacet
  facet normal 0 0 -1
    outer loop
      vertex 68.5 6 -1.5
      vertex 75.1557 -47.4342 -1.5
      vertex 68.5 -72 -1.5
    endloop
  endfacet
  facet normal 0 0 -1
    outer loop
      vertex 71.6308 -78.6273 -1.5
      vertex 68.5 -72 -1.5
      vertex 71.6 -78 -1.5
    endloop
  endfacet
  facet normal 0 0 -1
    outer loop
      vertex 71.723 -79.2486 -1.5
      vertex 68.5 -72 -1.5
      vertex 71.6308 -78.6273 -1.5
    endloop
  endfacet
  facet normal 0 0 -1
    outer loop
      vertex 71.8756 -79.8578 -1.5
      vertex 68.5 -72 -1.5
      vertex 71.723 -79.2486 -1.5
    endloop
  endfacet
  facet normal 0 0 -1
    outer loop
      vertex 1.5 -72 -1.5
      vertex 71.8756 -79.8578 -1.5
      vertex 72.0872 -80.4492 -1.5
    endloop
  endfacet
  facet normal 0 0 -1
    outer loop
      vertex 71.8756 -79.8578 -1.5
      vertex 1.5 -72 -1.5
      vertex 68.5 -72 -1.5
    endloop
  endfacet
  facet normal 0 0 -1
    outer loop
      vertex 72.3557 -81.0169 -1.5
      vertex 1.5 -72 -1.5
      vertex 72.0872 -80.4492 -1.5
    endloop
  endfacet
  facet normal 0 0 -1
    outer loop
      vertex 72.6786 -81.5556 -1.5
      vertex 1.5 -72 -1.5
      vertex 72.3557 -81.0169 -1.5
    endloop
  endfacet
  facet normal 0 0 -1
    outer loop
      vertex 73.0527 -82.0601 -1.5
      vertex 1.5 -72 -1.5
      vertex 72.6786 -81.5556 -1.5
    endloop
  endfacet
  facet normal 0 0 -1
    outer loop
      vertex 73.4745 -82.5255 -1.5
      vertex 1.5 -72 -1.5
      vertex 73.0527 -82.0601 -1.5
    endloop
  endfacet
  facet normal 0 0 -1
    outer loop
      vertex 73.9399 -82.9473 -1.5
      vertex 1.5 -72 -1.5
      vertex 73.4745 -82.5255 -1.5
    endloop
  endfacet
  facet normal 0 0 -1
    outer loop
      vertex 74.4444 -83.3214 -1.5
      vertex 1.5 -72 -1.5
      vertex 73.9399 -82.9473 -1.5
    endloop
  endfacet
  facet normal 0 0 -1
    outer loop
      vertex 74.9831 -83.6443 -1.5
      vertex 1.5 -72 -1.5
      vertex 74.4444 -83.3214 -1.5
    endloop
  endfacet
  facet normal 0 0 -1
    outer loop
      vertex 75.5508 -83.9128 -1.5
      vertex 1.5 -72 -1.5
      vertex 74.9831 -83.6443 -1.5
    endloop
  endfacet
  facet normal 0 0 -1
    outer loop
      vertex 76.1422 -84.1244 -1.5
      vertex 1.5 -72 -1.5
      vertex 75.5508 -83.9128 -1.5
    endloop
  endfacet
  facet normal 0 0 -1
    outer loop
      vertex -100 -87.5 -1.5
      vertex 76.1422 -84.1244 -1.5
      vertex 76.7514 -84.277 -1.5
    endloop
  endfacet
  facet normal 0 0 -1
    outer loop
      vertex -90.0096 -78.804 -1.5
      vertex 1.5 -72 -1.5
      vertex -90 -79 -1.5
    endloop
  endfacet
  facet normal 0 0 -1
    outer loop
      vertex 1.5 6 -1.5
      vertex -80.3 42.7 -1.5
      vertex -9.7 42.7 -1.5
    endloop
  endfacet
  facet normal 0 0 -1
    outer loop
      vertex -90.0861 -78.4194 -1.5
      vertex 1.5 -72 -1.5
      vertex -90.0384 -78.6098 -1.5
    endloop
  endfacet
  facet normal 0 0 -1
    outer loop
      vertex -90.0384 -78.6098 -1.5
      vertex 1.5 -72 -1.5
      vertex -90.0096 -78.804 -1.5
    endloop
  endfacet
  facet normal -0 0 -1
    outer loop
      vertex 76.1422 -84.1244 -1.5
      vertex -100 -87.5 -1.5
      vertex 1.5 -72 -1.5
    endloop
  endfacet
  facet normal 0 0 -1
    outer loop
      vertex -100 -87.5 -1.5
      vertex 76.7514 -84.277 -1.5
      vertex 77.3727 -84.3692 -1.5
    endloop
  endfacet
  facet normal 0 0 -1
    outer loop
      vertex -100 -87.5 -1.5
      vertex 77.3727 -84.3692 -1.5
      vertex 100 -87.5 -1.5
    endloop
  endfacet
  facet normal 0 0 -1
    outer loop
      vertex 1.5 -72 -1.5
      vertex -90.0096 -79.196 -1.5
      vertex -90 -79 -1.5
    endloop
  endfacet
  facet normal 0 0 -1
    outer loop
      vertex 1.5 -72 -1.5
      vertex -90.0384 -79.3902 -1.5
      vertex -90.0096 -79.196 -1.5
    endloop
  endfacet
  facet normal 0 0 -1
    outer loop
      vertex 1.5 -72 -1.5
      vertex -90.0861 -79.5806 -1.5
      vertex -90.0384 -79.3902 -1.5
    endloop
  endfacet
  facet normal 0 0 -1
    outer loop
      vertex 1.5 -72 -1.5
      vertex -90.1522 -79.7654 -1.5
      vertex -90.0861 -79.5806 -1.5
    endloop
  endfacet
  facet normal 0 0 -1
    outer loop
      vertex 1.5 -72 -1.5
      vertex -90.2362 -79.9428 -1.5
      vertex -90.1522 -79.7654 -1.5
    endloop
  endfacet
  facet normal 0 0 -1
    outer loop
      vertex 1.5 -72 -1.5
      vertex -90.3371 -80.1111 -1.5
      vertex -90.2362 -79.9428 -1.5
    endloop
  endfacet
  facet normal 0 0 -1
    outer loop
      vertex 1.5 -72 -1.5
      vertex -90.454 -80.2688 -1.5
      vertex -90.3371 -80.1111 -1.5
    endloop
  endfacet
  facet normal 0 0 -1
    outer loop
      vertex 1.5 -72 -1.5
      vertex -90.5858 -80.4142 -1.5
      vertex -90.454 -80.2688 -1.5
    endloop
  endfacet
  facet normal 0 0 -1
    outer loop
      vertex 1.5 -72 -1.5
      vertex -90.7312 -80.546 -1.5
      vertex -90.5858 -80.4142 -1.5
    endloop
  endfacet
  facet normal 0 0 -1
    outer loop
      vertex 1.5 -72 -1.5
      vertex -90.8889 -80.6629 -1.5
      vertex -90.7312 -80.546 -1.5
    endloop
  endfacet
  facet normal 0 0 -1
    outer loop
      vertex 1.5 -72 -1.5
      vertex -100 -87.5 -1.5
      vertex -90.8889 -80.6629 -1.5
    endloop
  endfacet
  facet normal 0 0 -1
    outer loop
      vertex -90.8889 -80.6629 -1.5
      vertex -100 -87.5 -1.5
      vertex -91.0572 -80.7638 -1.5
    endloop
  endfacet
  facet normal 0 0 -1
    outer loop
      vertex -91.0572 -80.7638 -1.5
      vertex -100 -87.5 -1.5
      vertex -91.2346 -80.8478 -1.5
    endloop
  endfacet
  facet normal 0 0 -1
    outer loop
      vertex -91.2346 -80.8478 -1.5
      vertex -100 -87.5 -1.5
      vertex -91.4194 -80.9139 -1.5
    endloop
  endfacet
  facet normal 0 0 -1
    outer loop
      vertex -91.4194 -80.9139 -1.5
      vertex -100 -87.5 -1.5
      vertex -91.6098 -80.9616 -1.5
    endloop
  endfacet
  facet normal 0 0 -1
    outer loop
      vertex -91.6098 -80.9616 -1.5
      vertex -100 -87.5 -1.5
      vertex -91.804 -80.9904 -1.5
    endloop
  endfacet
  facet normal 0 0 -1
    outer loop
      vertex -93.9616 78.6098 -1.5
      vertex -100 87.5 -1.5
      vertex -93.9904 78.804 -1.5
    endloop
  endfacet
  facet normal -0 0 -1
    outer loop
      vertex -93.9904 -79.196 -1.5
      vertex -100 -87.5 -1.5
      vertex -94 -79 -1.5
    endloop
  endfacet
  facet normal -0 0 -1
    outer loop
      vertex -93.9616 -79.3902 -1.5
      vertex -100 -87.5 -1.5
      vertex -93.9904 -79.196 -1.5
    endloop
  endfacet
  facet normal -0 0 -1
    outer loop
      vertex -93.9139 -79.5806 -1.5
      vertex -100 -87.5 -1.5
      vertex -93.9616 -79.3902 -1.5
    endloop
  endfacet
  facet normal -0 0 -1
    outer loop
      vertex -93.8478 -79.7654 -1.5
      vertex -100 -87.5 -1.5
      vertex -93.9139 -79.5806 -1.5
    endloop
  endfacet
  facet normal -0 0 -1
    outer loop
      vertex -93.7638 -79.9428 -1.5
      vertex -100 -87.5 -1.5
      vertex -93.8478 -79.7654 -1.5
    endloop
  endfacet
  facet normal -0 0 -1
    outer loop
      vertex -93.6629 -80.1111 -1.5
      vertex -100 -87.5 -1.5
      vertex -93.7638 -79.9428 -1.5
    endloop
  endfacet
  facet normal -0 0 -1
    outer loop
      vertex -93.546 -80.2688 -1.5
      vertex -100 -87.5 -1.5
      vertex -93.6629 -80.1111 -1.5
    endloop
  endfacet
  facet normal -0 0 -1
    outer loop
      vertex -93.4142 -80.4142 -1.5
      vertex -100 -87.5 -1.5
      vertex -93.546 -80.2688 -1.5
    endloop
  endfacet
  facet normal -0 0 -1
    outer loop
      vertex -93.2688 -80.546 -1.5
      vertex -100 -87.5 -1.5
      vertex -93.4142 -80.4142 -1.5
    endloop
  endfacet
  facet normal -0 0 -1
    outer loop
      vertex -93.1111 -80.6629 -1.5
      vertex -100 -87.5 -1.5
      vertex -93.2688 -80.546 -1.5
    endloop
  endfacet
  facet normal -0 0 -1
    outer loop
      vertex -92.9428 -80.7638 -1.5
      vertex -100 -87.5 -1.5
      vertex -93.1111 -80.6629 -1.5
    endloop
  endfacet
  facet normal -0 0 -1
    outer loop
      vertex -92.7654 -80.8478 -1.5
      vertex -100 -87.5 -1.5
      vertex -92.9428 -80.7638 -1.5
    endloop
  endfacet
  facet normal -0 0 -1
    outer loop
      vertex -92.5806 -80.9139 -1.5
      vertex -100 -87.5 -1.5
      vertex -92.7654 -80.8478 -1.5
    endloop
  endfacet
  facet normal -0 0 -1
    outer loop
      vertex -92.3902 -80.9616 -1.5
      vertex -100 -87.5 -1.5
      vertex -92.5806 -80.9139 -1.5
    endloop
  endfacet
  facet normal -0 0 -1
    outer loop
      vertex -92.196 -80.9904 -1.5
      vertex -100 -87.5 -1.5
      vertex -92.3902 -80.9616 -1.5
    endloop
  endfacet
  facet normal -0 0 -1
    outer loop
      vertex -92 -81 -1.5
      vertex -100 -87.5 -1.5
      vertex -92.196 -80.9904 -1.5
    endloop
  endfacet
  facet normal 0 0 -1
    outer loop
      vertex -91.804 -80.9904 -1.5
      vertex -100 -87.5 -1.5
      vertex -92 -81 -1.5
    endloop
  endfacet
  facet normal 0 0 -1
    outer loop
      vertex 93.9616 -78.6098 -1.5
      vertex 100 -87.5 -1.5
      vertex 93.9904 -78.804 -1.5
    endloop
  endfacet
  facet normal 0 0 -1
    outer loop
      vertex 93.9904 79.196 -1.5
      vertex 100 87.5 -1.5
      vertex 94 79 -1.5
    endloop
  endfacet
  facet normal 0 0 -1
    outer loop
      vertex 93.9616 79.3902 -1.5
      vertex 100 87.5 -1.5
      vertex 93.9904 79.196 -1.5
    endloop
  endfacet
  facet normal 0 0 -1
    outer loop
      vertex 93.9139 79.5806 -1.5
      vertex 100 87.5 -1.5
      vertex 93.9616 79.3902 -1.5
    endloop
  endfacet
  facet normal 0 0 -1
    outer loop
      vertex 93.8478 79.7654 -1.5
      vertex 100 87.5 -1.5
      vertex 93.9139 79.5806 -1.5
    endloop
  endfacet
  facet normal 0 0 -1
    outer loop
      vertex 93.7638 79.9428 -1.5
      vertex 100 87.5 -1.5
      vertex 93.8478 79.7654 -1.5
    endloop
  endfacet
  facet normal 0 0 -1
    outer loop
      vertex 93.6629 80.1111 -1.5
      vertex 100 87.5 -1.5
      vertex 93.7638 79.9428 -1.5
    endloop
  endfacet
  facet normal 0 0 -1
    outer loop
      vertex 93.546 80.2688 -1.5
      vertex 100 87.5 -1.5
      vertex 93.6629 80.1111 -1.5
    endloop
  endfacet
  facet normal 0 0 -1
    outer loop
      vertex 93.4142 80.4142 -1.5
      vertex 100 87.5 -1.5
      vertex 93.546 80.2688 -1.5
    endloop
  endfacet
  facet normal 0 0 -1
    outer loop
      vertex 93.2688 80.546 -1.5
      vertex 100 87.5 -1.5
      vertex 93.4142 80.4142 -1.5
    endloop
  endfacet
  facet normal 0 0 -1
    outer loop
      vertex 93.1111 80.6629 -1.5
      vertex 100 87.5 -1.5
      vertex 93.2688 80.546 -1.5
    endloop
  endfacet
  facet normal 0 0 -1
    outer loop
      vertex 92.9428 80.7638 -1.5
      vertex 100 87.5 -1.5
      vertex 93.1111 80.6629 -1.5
    endloop
  endfacet
  facet normal 0 0 -1
    outer loop
      vertex 92.7654 80.8478 -1.5
      vertex 100 87.5 -1.5
      vertex 92.9428 80.7638 -1.5
    endloop
  endfacet
  facet normal 0 0 -1
    outer loop
      vertex 92.5806 80.9139 -1.5
      vertex 100 87.5 -1.5
      vertex 92.7654 80.8478 -1.5
    endloop
  endfacet
  facet normal 0 0 -1
    outer loop
      vertex 92.3902 80.9616 -1.5
      vertex 100 87.5 -1.5
      vertex 92.5806 80.9139 -1.5
    endloop
  endfacet
  facet normal 0 0 -1
    outer loop
      vertex 92.196 80.9904 -1.5
      vertex 100 87.5 -1.5
      vertex 92.3902 80.9616 -1.5
    endloop
  endfacet
  facet normal 0 0 -1
    outer loop
      vertex 92 81 -1.5
      vertex 100 87.5 -1.5
      vertex 92.196 80.9904 -1.5
    endloop
  endfacet
  facet normal 0 0 -1
    outer loop
      vertex 91.804 80.9904 -1.5
      vertex 100 87.5 -1.5
      vertex 92 81 -1.5
    endloop
  endfacet
  facet normal 0 0 -1
    outer loop
      vertex 91.6098 80.9616 -1.5
      vertex 100 87.5 -1.5
      vertex 91.804 80.9904 -1.5
    endloop
  endfacet
  facet normal 0 0 -1
    outer loop
      vertex 91.4194 80.9139 -1.5
      vertex 100 87.5 -1.5
      vertex 91.6098 80.9616 -1.5
    endloop
  endfacet
  facet normal 0 0 -1
    outer loop
      vertex 91.2346 80.8478 -1.5
      vertex 100 87.5 -1.5
      vertex 91.4194 80.9139 -1.5
    endloop
  endfacet
  facet normal 0 0 -1
    outer loop
      vertex 91.0572 80.7638 -1.5
      vertex 100 87.5 -1.5
      vertex 91.2346 80.8478 -1.5
    endloop
  endfacet
  facet normal 0 0 -1
    outer loop
      vertex 90.8889 80.6629 -1.5
      vertex 100 87.5 -1.5
      vertex 91.0572 80.7638 -1.5
    endloop
  endfacet
  facet normal 0 0 -1
    outer loop
      vertex 40.5 69.5 -1.5
      vertex 90.8889 80.6629 -1.5
      vertex 90.7312 80.546 -1.5
    endloop
  endfacet
  facet normal 0 0 -1
    outer loop
      vertex 90.2362 -78.0572 -1.5
      vertex 84.3692 -77.3727 -1.5
      vertex 84.277 -76.7514 -1.5
    endloop
  endfacet
  facet normal 0 0 -1
    outer loop
      vertex 90.454 -77.7312 -1.5
      vertex 84.277 -76.7514 -1.5
      vertex 84.1244 -76.1422 -1.5
    endloop
  endfacet
  facet normal 0 0 -1
    outer loop
      vertex 90.5858 -77.5858 -1.5
      vertex 84.1244 -76.1422 -1.5
      vertex 83.9128 -75.5508 -1.5
    endloop
  endfacet
  facet normal 0 0 -1
    outer loop
      vertex 90.8889 -77.3371 -1.5
      vertex 83.9128 -75.5508 -1.5
      vertex 83.6443 -74.9831 -1.5
    endloop
  endfacet
  facet normal 0 0 -1
    outer loop
      vertex 91.2346 -77.1522 -1.5
      vertex 83.6443 -74.9831 -1.5
      vertex 83.3214 -74.4444 -1.5
    endloop
  endfacet
  facet normal 0 0 -1
    outer loop
      vertex 91.4194 -77.0861 -1.5
      vertex 83.3214 -74.4444 -1.5
      vertex 82.9473 -73.9399 -1.5
    endloop
  endfacet
  facet normal 0 0 -1
    outer loop
      vertex 80.886 -64.2842 -1.5
      vertex 91.6098 -77.0384 -1.5
      vertex 82.9473 -73.9399 -1.5
    endloop
  endfacet
  facet normal 0 0 -1
    outer loop
      vertex 80.886 -64.2842 -1.5
      vertex 82.9473 -73.9399 -1.5
      vertex 82.5255 -73.4745 -1.5
    endloop
  endfacet
  facet normal 0 0 -1
    outer loop
      vertex 80.886 -64.2842 -1.5
      vertex 82.5255 -73.4745 -1.5
      vertex 82.0601 -73.0527 -1.5
    endloop
  endfacet
  facet normal 0 0 -1
    outer loop
      vertex 93.4142 -77.5858 -1.5
      vertex 80.9 -48 -1.5
      vertex 80.886 -47.7158 -1.5
    endloop
  endfacet
  facet normal 0 0 -1
    outer loop
      vertex 80.886 -64.2842 -1.5
      vertex 82.0601 -73.0527 -1.5
      vertex 81.5556 -72.6786 -1.5
    endloop
  endfacet
  facet normal 0 0 -1
    outer loop
      vertex 80.2417 -65.8397 -1.5
      vertex 81.5556 -72.6786 -1.5
      vertex 81.0169 -72.3557 -1.5
    endloop
  endfacet
  facet normal 0 0 -1
    outer loop
      vertex 80.8443 -63.4342 -1.5
      vertex 92.5806 -77.0861 -1.5
      vertex 80.886 -63.7158 -1.5
    endloop
  endfacet
  facet normal 0 0 -1
    outer loop
      vertex 93.546 -77.7312 -1.5
      vertex 80.886 -47.7158 -1.5
      vertex 80.8443 -47.4342 -1.5
    endloop
  endfacet
  facet normal -0 0 -1
    outer loop
      vertex 90.1522 78.2346 -1.5
      vertex 75.5 69.5 -1.5
      vertex 90.0861 78.4194 -1.5
    endloop
  endfacet
  facet normal -0 0 -1
    outer loop
      vertex 90.0861 78.4194 -1.5
      vertex 75.5 69.5 -1.5
      vertex 90.0384 78.6098 -1.5
    endloop
  endfacet
  facet normal -0 0 -1
    outer loop
      vertex 90.0384 78.6098 -1.5
      vertex 75.5 69.5 -1.5
      vertex 90.0096 78.804 -1.5
    endloop
  endfacet
  facet normal 0 0 -1
    outer loop
      vertex 93.2688 77.454 -1.5
      vertex 75.5 34.5 -1.5
      vertex 93.1111 77.3371 -1.5
    endloop
  endfacet
  facet normal 0 0 -1
    outer loop
      vertex 75.5 34.5 -1.5
      vertex 80.6793 -46.8902 -1.5
      vertex 80.5576 -46.6329 -1.5
    endloop
  endfacet
  facet normal 0 0 -1
    outer loop
      vertex 68.5 6 -1.5
      vertex 80.5576 -46.6329 -1.5
      vertex 80.4113 -46.3888 -1.5
    endloop
  endfacet
  facet normal 0 0 -1
    outer loop
      vertex 68.5 6 -1.5
      vertex 80.4113 -46.3888 -1.5
      vertex 80.2417 -46.1603 -1.5
    endloop
  endfacet
  facet normal 0 0 -1
    outer loop
      vertex 68.5 6 -1.5
      vertex 80.2417 -46.1603 -1.5
      vertex 80.0506 -45.9494 -1.5
    endloop
  endfacet
  facet normal 0 0 -1
    outer loop
      vertex 68.5 6 -1.5
      vertex 80.0506 -45.9494 -1.5
      vertex 79.8397 -45.7583 -1.5
    endloop
  endfacet
  facet normal 0 0 -1
    outer loop
      vertex 68.5 6 -1.5
      vertex 79.8397 -45.7583 -1.5
      vertex 79.6112 -45.5887 -1.5
    endloop
  endfacet
  facet normal 0 0 -1
    outer loop
      vertex 68.5 6 -1.5
      vertex 79.6112 -45.5887 -1.5
      vertex 79.3671 -45.4424 -1.5
    endloop
  endfacet
  facet normal 0 0 -1
    outer loop
      vertex 68.5 6 -1.5
      vertex 79.3671 -45.4424 -1.5
      vertex 79.1098 -45.3207 -1.5
    endloop
  endfacet
  facet normal 0 0 -1
    outer loop
      vertex 68.5 6 -1.5
      vertex 79.1098 -45.3207 -1.5
      vertex 78.8418 -45.2249 -1.5
    endloop
  endfacet
  facet normal 0 0 -1
    outer loop
      vertex 68.5 6 -1.5
      vertex 78.8418 -45.2249 -1.5
      vertex 78.5658 -45.1557 -1.5
    endloop
  endfacet
  facet normal 0 0 -1
    outer loop
      vertex 68.5 6 -1.5
      vertex 78.5658 -45.1557 -1.5
      vertex 78.2842 -45.114 -1.5
    endloop
  endfacet
  facet normal 0 0 -1
    outer loop
      vertex 68.5 6 -1.5
      vertex 78.2842 -45.114 -1.5
      vertex 78 -45.1 -1.5
    endloop
  endfacet
  facet normal 0 0 -1
    outer loop
      vertex 68.5 6 -1.5
      vertex 78 -45.1 -1.5
      vertex 77.7158 -45.114 -1.5
    endloop
  endfacet
  facet normal 0 0 -1
    outer loop
      vertex 68.5 6 -1.5
      vertex 77.7158 -45.114 -1.5
      vertex 77.4342 -45.1557 -1.5
    endloop
  endfacet
  facet normal 0 0 -1
    outer loop
      vertex 68.5 6 -1.5
      vertex 77.4342 -45.1557 -1.5
      vertex 77.1582 -45.2249 -1.5
    endloop
  endfacet
  facet normal 0 0 -1
    outer loop
      vertex 68.5 6 -1.5
      vertex 77.1582 -45.2249 -1.5
      vertex 76.8902 -45.3207 -1.5
    endloop
  endfacet
  facet normal 0 0 -1
    outer loop
      vertex 68.5 6 -1.5
      vertex 76.8902 -45.3207 -1.5
      vertex 76.6329 -45.4424 -1.5
    endloop
  endfacet
  facet normal 0 0 -1
    outer loop
      vertex 68.5 6 -1.5
      vertex 76.6329 -45.4424 -1.5
      vertex 76.3888 -45.5887 -1.5
    endloop
  endfacet
  facet normal 0 0 -1
    outer loop
      vertex 68.5 6 -1.5
      vertex 76.3888 -45.5887 -1.5
      vertex 76.1603 -45.7583 -1.5
    endloop
  endfacet
  facet normal 0 0 -1
    outer loop
      vertex 68.5 6 -1.5
      vertex 76.1603 -45.7583 -1.5
      vertex 75.9494 -45.9494 -1.5
    endloop
  endfacet
  facet normal 0 0 -1
    outer loop
      vertex 68.5 6 -1.5
      vertex 75.9494 -45.9494 -1.5
      vertex 75.7583 -46.1603 -1.5
    endloop
  endfacet
  facet normal 0 0 -1
    outer loop
      vertex 68.5 6 -1.5
      vertex 75.7583 -46.1603 -1.5
      vertex 75.5887 -46.3888 -1.5
    endloop
  endfacet
  facet normal -0 0 -1
    outer loop
      vertex 90.0096 78.804 -1.5
      vertex 75.5 69.5 -1.5
      vertex 90 79 -1.5
    endloop
  endfacet
  facet normal -0 0 -1
    outer loop
      vertex 90 79 -1.5
      vertex 75.5 69.5 -1.5
      vertex 90.0096 79.196 -1.5
    endloop
  endfacet
  facet normal -0 0 -1
    outer loop
      vertex 90.0096 79.196 -1.5
      vertex 75.5 69.5 -1.5
      vertex 90.0384 79.3902 -1.5
    endloop
  endfacet
  facet normal -0 0 -1
    outer loop
      vertex 90.0384 79.3902 -1.5
      vertex 75.5 69.5 -1.5
      vertex 90.0861 79.5806 -1.5
    endloop
  endfacet
  facet normal 0 0 -1
    outer loop
      vertex 75.5 69.5 -1.5
      vertex 90.1522 79.7654 -1.5
      vertex 90.0861 79.5806 -1.5
    endloop
  endfacet
  facet normal 0 0 -1
    outer loop
      vertex 75.5 69.5 -1.5
      vertex 90.2362 79.9428 -1.5
      vertex 90.1522 79.7654 -1.5
    endloop
  endfacet
  facet normal 0 0 -1
    outer loop
      vertex 75.5 69.5 -1.5
      vertex 90.3371 80.1111 -1.5
      vertex 90.2362 79.9428 -1.5
    endloop
  endfacet
  facet normal 0 0 -1
    outer loop
      vertex 75.5 69.5 -1.5
      vertex 90.454 80.2688 -1.5
      vertex 90.3371 80.1111 -1.5
    endloop
  endfacet
  facet normal 0 0 -1
    outer loop
      vertex 75.5 69.5 -1.5
      vertex 90.5858 80.4142 -1.5
      vertex 90.454 80.2688 -1.5
    endloop
  endfacet
  facet normal 0 0 -1
    outer loop
      vertex 40.5 69.5 -1.5
      vertex 90.5858 80.4142 -1.5
      vertex 75.5 69.5 -1.5
    endloop
  endfacet
  facet normal -0 0 -1
    outer loop
      vertex 90.5858 80.4142 -1.5
      vertex 40.5 69.5 -1.5
      vertex 90.7312 80.546 -1.5
    endloop
  endfacet
  facet normal -0 0 -1
    outer loop
      vertex 90.8889 80.6629 -1.5
      vertex 40.5 69.5 -1.5
      vertex 100 87.5 -1.5
    endloop
  endfacet
  facet normal 0 0 -1
    outer loop
      vertex 40.5 34.5 -1.5
      vertex -9.7 42.7 -1.5
      vertex 40.5 69.5 -1.5
    endloop
  endfacet
  facet normal 0 0 -1
    outer loop
      vertex -9.7 71.3 -1.5
      vertex 40.5 69.5 -1.5
      vertex -9.7 42.7 -1.5
    endloop
  endfacet
  facet normal 0 0 -1
    outer loop
      vertex -9.7 71.3 -1.5
      vertex 100 87.5 -1.5
      vertex 40.5 69.5 -1.5
    endloop
  endfacet
  facet normal 0 0 -1
    outer loop
      vertex -90.5858 80.4142 -1.5
      vertex -9.7 71.3 -1.5
      vertex -80.3 71.3 -1.5
    endloop
  endfacet
  facet normal 0 0 -1
    outer loop
      vertex -80.3 42.7 -1.5
      vertex -90 79 -1.5
      vertex -80.3 71.3 -1.5
    endloop
  endfacet
  facet normal 0 0 -1
    outer loop
      vertex -90.0096 79.196 -1.5
      vertex -80.3 71.3 -1.5
      vertex -90 79 -1.5
    endloop
  endfacet
  facet normal 0 0 -1
    outer loop
      vertex -90.0384 79.3902 -1.5
      vertex -80.3 71.3 -1.5
      vertex -90.0096 79.196 -1.5
    endloop
  endfacet
  facet normal 0 0 -1
    outer loop
      vertex -90.0861 79.5806 -1.5
      vertex -80.3 71.3 -1.5
      vertex -90.0384 79.3902 -1.5
    endloop
  endfacet
  facet normal 0 0 -1
    outer loop
      vertex -90.1522 79.7654 -1.5
      vertex -80.3 71.3 -1.5
      vertex -90.0861 79.5806 -1.5
    endloop
  endfacet
  facet normal 0 0 -1
    outer loop
      vertex -90.2362 79.9428 -1.5
      vertex -80.3 71.3 -1.5
      vertex -90.1522 79.7654 -1.5
    endloop
  endfacet
  facet normal 0 0 -1
    outer loop
      vertex -90.3371 80.1111 -1.5
      vertex -80.3 71.3 -1.5
      vertex -90.2362 79.9428 -1.5
    endloop
  endfacet
  facet normal 0 0 -1
    outer loop
      vertex -90.454 80.2688 -1.5
      vertex -80.3 71.3 -1.5
      vertex -90.3371 80.1111 -1.5
    endloop
  endfacet
  facet normal 0 0 -1
    outer loop
      vertex -90.5858 80.4142 -1.5
      vertex -80.3 71.3 -1.5
      vertex -90.454 80.2688 -1.5
    endloop
  endfacet
  facet normal 0 0 -1
    outer loop
      vertex -90.7312 80.546 -1.5
      vertex -9.7 71.3 -1.5
      vertex -90.5858 80.4142 -1.5
    endloop
  endfacet
  facet normal 0 0 -1
    outer loop
      vertex -90.8889 80.6629 -1.5
      vertex -9.7 71.3 -1.5
      vertex -90.7312 80.546 -1.5
    endloop
  endfacet
  facet normal 0 0 -1
    outer loop
      vertex -100 87.5 -1.5
      vertex -9.7 71.3 -1.5
      vertex -90.8889 80.6629 -1.5
    endloop
  endfacet
  facet normal 0 0 -1
    outer loop
      vertex -100 87.5 -1.5
      vertex -90.8889 80.6629 -1.5
      vertex -91.0572 80.7638 -1.5
    endloop
  endfacet
  facet normal 0 0 -1
    outer loop
      vertex -100 87.5 -1.5
      vertex -91.0572 80.7638 -1.5
      vertex -91.2346 80.8478 -1.5
    endloop
  endfacet
  facet normal 0 0 -1
    outer loop
      vertex -100 87.5 -1.5
      vertex -91.2346 80.8478 -1.5
      vertex -91.4194 80.9139 -1.5
    endloop
  endfacet
  facet normal 0 0 -1
    outer loop
      vertex -100 87.5 -1.5
      vertex -91.4194 80.9139 -1.5
      vertex -91.6098 80.9616 -1.5
    endloop
  endfacet
  facet normal 0 0 -1
    outer loop
      vertex -100 87.5 -1.5
      vertex -91.6098 80.9616 -1.5
      vertex -91.804 80.9904 -1.5
    endloop
  endfacet
  facet normal 0 0 -1
    outer loop
      vertex -100 87.5 -1.5
      vertex -91.804 80.9904 -1.5
      vertex -92 81 -1.5
    endloop
  endfacet
  facet normal 0 0 -1
    outer loop
      vertex -9.7 71.3 -1.5
      vertex -100 87.5 -1.5
      vertex 100 87.5 -1.5
    endloop
  endfacet
  facet normal 0 0 -1
    outer loop
      vertex -92.196 80.9904 -1.5
      vertex -100 87.5 -1.5
      vertex -92 81 -1.5
    endloop
  endfacet
  facet normal 0 0 -1
    outer loop
      vertex -92.3902 80.9616 -1.5
      vertex -100 87.5 -1.5
      vertex -92.196 80.9904 -1.5
    endloop
  endfacet
  facet normal 0 0 -1
    outer loop
      vertex -92.5806 80.9139 -1.5
      vertex -100 87.5 -1.5
      vertex -92.3902 80.9616 -1.5
    endloop
  endfacet
  facet normal 0 0 -1
    outer loop
      vertex -92.7654 80.8478 -1.5
      vertex -100 87.5 -1.5
      vertex -92.5806 80.9139 -1.5
    endloop
  endfacet
  facet normal 0 0 -1
    outer loop
      vertex -92.9428 80.7638 -1.5
      vertex -100 87.5 -1.5
      vertex -92.7654 80.8478 -1.5
    endloop
  endfacet
  facet normal 0 0 -1
    outer loop
      vertex -93.1111 80.6629 -1.5
      vertex -100 87.5 -1.5
      vertex -92.9428 80.7638 -1.5
    endloop
  endfacet
  facet normal 0 0 -1
    outer loop
      vertex -93.2688 80.546 -1.5
      vertex -100 87.5 -1.5
      vertex -93.1111 80.6629 -1.5
    endloop
  endfacet
  facet normal 0 0 -1
    outer loop
      vertex -93.4142 80.4142 -1.5
      vertex -100 87.5 -1.5
      vertex -93.2688 80.546 -1.5
    endloop
  endfacet
  facet normal 0 0 -1
    outer loop
      vertex -93.546 80.2688 -1.5
      vertex -100 87.5 -1.5
      vertex -93.4142 80.4142 -1.5
    endloop
  endfacet
  facet normal 0 0 -1
    outer loop
      vertex -93.6629 80.1111 -1.5
      vertex -100 87.5 -1.5
      vertex -93.546 80.2688 -1.5
    endloop
  endfacet
  facet normal 0 0 -1
    outer loop
      vertex -93.7638 79.9428 -1.5
      vertex -100 87.5 -1.5
      vertex -93.6629 80.1111 -1.5
    endloop
  endfacet
  facet normal 0 0 -1
    outer loop
      vertex -93.8478 79.7654 -1.5
      vertex -100 87.5 -1.5
      vertex -93.7638 79.9428 -1.5
    endloop
  endfacet
  facet normal 0 0 -1
    outer loop
      vertex -93.9139 79.5806 -1.5
      vertex -100 87.5 -1.5
      vertex -93.8478 79.7654 -1.5
    endloop
  endfacet
  facet normal 0 0 -1
    outer loop
      vertex -93.9616 79.3902 -1.5
      vertex -100 87.5 -1.5
      vertex -93.9139 79.5806 -1.5
    endloop
  endfacet
  facet normal 0 0 -1
    outer loop
      vertex -93.9904 79.196 -1.5
      vertex -100 87.5 -1.5
      vertex -93.9616 79.3902 -1.5
    endloop
  endfacet
  facet normal 0 0 -1
    outer loop
      vertex -94 79 -1.5
      vertex -100 87.5 -1.5
      vertex -93.9904 79.196 -1.5
    endloop
  endfacet
  facet normal 0 0 -1
    outer loop
      vertex -93.9904 78.804 -1.5
      vertex -100 87.5 -1.5
      vertex -94 79 -1.5
    endloop
  endfacet
  facet normal -1 0 0
    outer loop
      vertex -100 -87.5 -1.5
      vertex -100 87.5 1.5
      vertex -100 87.5 -1.5
    endloop
  endfacet
  facet normal -1 -0 0
    outer loop
      vertex -100 87.5 1.5
      vertex -100 -87.5 -1.5
      vertex -100 -87.5 1.5
    endloop
  endfacet
  facet normal 0 1 -0
    outer loop
      vertex 100 87.5 -1.5
      vertex -100 87.5 1.5
      vertex 100 87.5 1.5
    endloop
  endfacet
  facet normal 0 1 0
    outer loop
      vertex -100 87.5 1.5
      vertex 100 87.5 -1.5
      vertex -100 87.5 -1.5
    endloop
  endfacet
  facet normal 0 -1 0
    outer loop
      vertex -100 -87.5 -1.5
      vertex 100 -87.5 1.5
      vertex -100 -87.5 1.5
    endloop
  endfacet
  facet normal 0 -1 -0
    outer loop
      vertex 100 -87.5 1.5
      vertex -100 -87.5 -1.5
      vertex 100 -87.5 -1.5
    endloop
  endfacet
  facet normal -1 0 0
    outer loop
      vertex -9.7 42.7 -1.5
      vertex -9.7 71.3 1.5
      vertex -9.7 71.3 -1.5
    endloop
  endfacet
  facet normal -1 -0 0
    outer loop
      vertex -9.7 71.3 1.5
      vertex -9.7 42.7 -1.5
      vertex -9.7 42.7 1.5
    endloop
  endfacet
  facet normal 1 -0 0
    outer loop
      vertex -80.3 42.7 1.5
      vertex -80.3 71.3 -1.5
      vertex -80.3 71.3 1.5
    endloop
  endfacet
  facet normal 1 0 0
    outer loop
      vertex -80.3 71.3 -1.5
      vertex -80.3 42.7 1.5
      vertex -80.3 42.7 -1.5
    endloop
  endfacet
  facet normal 0 -1 0
    outer loop
      vertex -80.3 71.3 -1.5
      vertex -9.7 71.3 1.5
      vertex -80.3 71.3 1.5
    endloop
  endfacet
  facet normal 0 -1 -0
    outer loop
      vertex -9.7 71.3 1.5
      vertex -80.3 71.3 -1.5
      vertex -9.7 71.3 -1.5
    endloop
  endfacet
  facet normal 0 1 -0
    outer loop
      vertex -9.7 42.7 -1.5
      vertex -80.3 42.7 1.5
      vertex -9.7 42.7 1.5
    endloop
  endfacet
  facet normal 0 1 0
    outer loop
      vertex -80.3 42.7 1.5
      vertex -9.7 42.7 -1.5
      vertex -80.3 42.7 -1.5
    endloop
  endfacet
  facet normal -1 0 0
    outer loop
      vertex 75.5 34.5 -1.5
      vertex 75.5 69.5 1.5
      vertex 75.5 69.5 -1.5
    endloop
  endfacet
  facet normal -1 -0 0
    outer loop
      vertex 75.5 69.5 1.5
      vertex 75.5 34.5 -1.5
      vertex 75.5 34.5 1.5
    endloop
  endfacet
  facet normal 1 -0 0
    outer loop
      vertex 40.5 34.5 1.5
      vertex 40.5 69.5 -1.5
      vertex 40.5 69.5 1.5
    endloop
  endfacet
  facet normal 1 0 0
    outer loop
      vertex 40.5 69.5 -1.5
      vertex 40.5 34.5 1.5
      vertex 40.5 34.5 -1.5
    endloop
  endfacet
  facet normal 0 -1 0
    outer loop
      vertex 40.5 69.5 -1.5
      vertex 75.5 69.5 1.5
      vertex 40.5 69.5 1.5
    endloop
  endfacet
  facet normal 0 -1 -0
    outer loop
      vertex 75.5 69.5 1.5
      vertex 40.5 69.5 -1.5
      vertex 75.5 69.5 -1.5
    endloop
  endfacet
  facet normal 0 1 -0
    outer loop
      vertex 75.5 34.5 -1.5
      vertex 40.5 34.5 1.5
      vertex 75.5 34.5 1.5
    endloop
  endfacet
  facet normal 0 1 0
    outer loop
      vertex 40.5 34.5 1.5
      vertex 75.5 34.5 -1.5
      vertex 40.5 34.5 -1.5
    endloop
  endfacet
  facet normal -1 0 0
    outer loop
      vertex 71.5 23.5 -1.5
      vertex 71.5 29.5 1.5
      vertex 71.5 29.5 -1.5
    endloop
  endfacet
  facet normal -1 -0 0
    outer loop
      vertex 71.5 29.5 1.5
      vertex 71.5 23.5 -1.5
      vertex 71.5 23.5 1.5
    endloop
  endfacet
  facet normal 1 -0 0
    outer loop
      vertex 44.5 23.5 1.5
      vertex 44.5 29.5 -1.5
      vertex 44.5 29.5 1.5
    endloop
  endfacet
  facet normal 1 0 0
    outer loop
      vertex 44.5 29.5 -1.5
      vertex 44.5 23.5 1.5
      vertex 44.5 23.5 -1.5
    endloop
  endfacet
  facet normal 0 -1 0
    outer loop
      vertex 44.5 29.5 -1.5
      vertex 71.5 29.5 1.5
      vertex 44.5 29.5 1.5
    endloop
  endfacet
  facet normal 0 -1 -0
    outer loop
      vertex 71.5 29.5 1.5
      vertex 44.5 29.5 -1.5
      vertex 71.5 29.5 -1.5
    endloop
  endfacet
  facet normal 0 1 -0
    outer loop
      vertex 71.5 23.5 -1.5
      vertex 44.5 23.5 1.5
      vertex 71.5 23.5 1.5
    endloop
  endfacet
  facet normal 0 1 0
    outer loop
      vertex 44.5 23.5 1.5
      vertex 71.5 23.5 -1.5
      vertex 44.5 23.5 -1.5
    endloop
  endfacet
  facet normal -1 0 0
    outer loop
      vertex 68.5 -72 -1.5
      vertex 68.5 6 1.5
      vertex 68.5 6 -1.5
    endloop
  endfacet
  facet normal -1 -0 0
    outer loop
      vertex 68.5 6 1.5
      vertex 68.5 -72 -1.5
      vertex 68.5 -72 1.5
    endloop
  endfacet
  facet normal 1 -0 0
    outer loop
      vertex 1.5 -72 1.5
      vertex 1.5 6 -1.5
      vertex 1.5 6 1.5
    endloop
  endfacet
  facet normal 1 0 0
    outer loop
      vertex 1.5 6 -1.5
      vertex 1.5 -72 1.5
      vertex 1.5 -72 -1.5
    endloop
  endfacet
  facet normal 0 -1 0
    outer loop
      vertex 1.5 6 -1.5
      vertex 68.5 6 1.5
      vertex 1.5 6 1.5
    endloop
  endfacet
  facet normal 0 -1 -0
    outer loop
      vertex 68.5 6 1.5
      vertex 1.5 6 -1.5
      vertex 68.5 6 -1.5
    endloop
  endfacet
  facet normal 0 1 -0
    outer loop
      vertex 68.5 -72 -1.5
      vertex 1.5 -72 1.5
      vertex 68.5 -72 1.5
    endloop
  endfacet
  facet normal 0 1 0
    outer loop
      vertex 1.5 -72 1.5
      vertex 68.5 -72 -1.5
      vertex 1.5 -72 -1.5
    endloop
  endfacet
  facet normal -0.802984 -0.596 0
    outer loop
      vertex 80.4113 -46.3888 -1.5
      vertex 80.2417 -46.1603 1.5
      vertex 80.2417 -46.1603 -1.5
    endloop
  endfacet
  facet normal -0.802984 -0.596 0
    outer loop
      vertex 80.2417 -46.1603 1.5
      vertex 80.4113 -46.3888 -1.5
      vertex 80.4113 -46.3888 1.5
    endloop
  endfacet
  facet normal -0.989213 -0.146485 0
    outer loop
      vertex 80.886 -47.7158 -1.5
      vertex 80.8443 -47.4342 1.5
      vertex 80.8443 -47.4342 -1.5
    endloop
  endfacet
  facet normal -0.989213 -0.146485 0
    outer loop
      vertex 80.8443 -47.4342 1.5
      vertex 80.886 -47.7158 -1.5
      vertex 80.886 -47.7158 1.5
    endloop
  endfacet
  facet normal -0.998789 -0.0492014 0
    outer loop
      vertex 80.9 -48 -1.5
      vertex 80.886 -47.7158 1.5
      vertex 80.886 -47.7158 -1.5
    endloop
  endfacet
  facet normal -0.998789 -0.0492014 0
    outer loop
      vertex 80.886 -47.7158 1.5
      vertex 80.9 -48 -1.5
      vertex 80.9 -48 1.5
    endloop
  endfacet
  facet normal -0.969977 -0.243197 0
    outer loop
      vertex 80.8443 -47.4342 -1.5
      vertex 80.7751 -47.1582 1.5
      vertex 80.7751 -47.1582 -1.5
    endloop
  endfacet
  facet normal -0.969977 -0.243197 0
    outer loop
      vertex 80.7751 -47.1582 1.5
      vertex 80.8443 -47.4342 -1.5
      vertex 80.8443 -47.4342 1.5
    endloop
  endfacet
  facet normal -0.857741 -0.514082 0
    outer loop
      vertex 80.5576 -46.6329 -1.5
      vertex 80.4113 -46.3888 1.5
      vertex 80.4113 -46.3888 -1.5
    endloop
  endfacet
  facet normal -0.857741 -0.514082 0
    outer loop
      vertex 80.4113 -46.3888 1.5
      vertex 80.5576 -46.6329 -1.5
      vertex 80.5576 -46.6329 1.5
    endloop
  endfacet
  facet normal -0.336915 0.941535 0
    outer loop
      vertex 79.1098 -50.6792 -1.5
      vertex 78.8418 -50.7751 1.5
      vertex 79.1098 -50.6792 1.5
    endloop
  endfacet
  facet normal -0.336915 0.941535 0
    outer loop
      vertex 78.8418 -50.7751 1.5
      vertex 79.1098 -50.6792 -1.5
      vertex 78.8418 -50.7751 -1.5
    endloop
  endfacet
  facet normal -0.941646 0.336603 0
    outer loop
      vertex 80.6793 -49.1098 -1.5
      vertex 80.7751 -48.8418 1.5
      vertex 80.7751 -48.8418 -1.5
    endloop
  endfacet
  facet normal -0.941646 0.336603 0
    outer loop
      vertex 80.7751 -48.8418 1.5
      vertex 80.6793 -49.1098 -1.5
      vertex 80.6793 -49.1098 1.5
    endloop
  endfacet
  facet normal 0.802984 0.596 0
    outer loop
      vertex 75.7583 -49.8397 1.5
      vertex 75.5887 -49.6112 -1.5
      vertex 75.5887 -49.6112 1.5
    endloop
  endfacet
  facet normal 0.802984 0.596 0
    outer loop
      vertex 75.5887 -49.6112 -1.5
      vertex 75.7583 -49.8397 1.5
      vertex 75.7583 -49.8397 -1.5
    endloop
  endfacet
  facet normal 0.336603 -0.941646 0
    outer loop
      vertex 76.8902 -45.3207 -1.5
      vertex 77.1582 -45.2249 1.5
      vertex 76.8902 -45.3207 1.5
    endloop
  endfacet
  facet normal 0.336603 -0.941646 0
    outer loop
      vertex 77.1582 -45.2249 1.5
      vertex 76.8902 -45.3207 -1.5
      vertex 77.1582 -45.2249 -1.5
    endloop
  endfacet
  facet normal 0.243197 -0.969977 0
    outer loop
      vertex 77.1582 -45.2249 -1.5
      vertex 77.4342 -45.1557 1.5
      vertex 77.1582 -45.2249 1.5
    endloop
  endfacet
  facet normal 0.243197 -0.969977 0
    outer loop
      vertex 77.4342 -45.1557 1.5
      vertex 77.1582 -45.2249 -1.5
      vertex 77.4342 -45.1557 -1.5
    endloop
  endfacet
  facet normal -0.0492014 0.998789 0
    outer loop
      vertex 78.2842 -50.886 -1.5
      vertex 78 -50.9 1.5
      vertex 78.2842 -50.886 1.5
    endloop
  endfacet
  facet normal -0.0492014 0.998789 0
    outer loop
      vertex 78 -50.9 1.5
      vertex 78.2842 -50.886 -1.5
      vertex 78 -50.9 -1.5
    endloop
  endfacet
  facet normal -0.427573 -0.903981 0
    outer loop
      vertex 79.1098 -45.3207 -1.5
      vertex 79.3671 -45.4424 1.5
      vertex 79.1098 -45.3207 1.5
    endloop
  endfacet
  facet normal -0.427573 -0.903981 -0
    outer loop
      vertex 79.3671 -45.4424 1.5
      vertex 79.1098 -45.3207 -1.5
      vertex 79.3671 -45.4424 -1.5
    endloop
  endfacet
  facet normal -0.243197 0.969977 0
    outer loop
      vertex 78.8418 -50.7751 -1.5
      vertex 78.5658 -50.8443 1.5
      vertex 78.8418 -50.7751 1.5
    endloop
  endfacet
  facet normal -0.243197 0.969977 0
    outer loop
      vertex 78.5658 -50.8443 1.5
      vertex 78.8418 -50.7751 -1.5
      vertex 78.5658 -50.8443 -1.5
    endloop
  endfacet
  facet normal -0.0492014 -0.998789 0
    outer loop
      vertex 78 -45.1 -1.5
      vertex 78.2842 -45.114 1.5
      vertex 78 -45.1 1.5
    endloop
  endfacet
  facet normal -0.0492014 -0.998789 -0
    outer loop
      vertex 78.2842 -45.114 1.5
      vertex 78 -45.1 -1.5
      vertex 78.2842 -45.114 -1.5
    endloop
  endfacet
  facet normal -0.671465 -0.741036 0
    outer loop
      vertex 79.8397 -45.7583 -1.5
      vertex 80.0506 -45.9494 1.5
      vertex 79.8397 -45.7583 1.5
    endloop
  endfacet
  facet normal -0.671465 -0.741036 -0
    outer loop
      vertex 80.0506 -45.9494 1.5
      vertex 79.8397 -45.7583 -1.5
      vertex 80.0506 -45.9494 -1.5
    endloop
  endfacet
  facet normal 0.741036 0.671465 0
    outer loop
      vertex 75.9494 -50.0506 1.5
      vertex 75.7583 -49.8397 -1.5
      vertex 75.7583 -49.8397 1.5
    endloop
  endfacet
  facet normal 0.741036 0.671465 0
    outer loop
      vertex 75.7583 -49.8397 -1.5
      vertex 75.9494 -50.0506 1.5
      vertex 75.9494 -50.0506 -1.5
    endloop
  endfacet
  facet normal 0.941646 -0.336603 0
    outer loop
      vertex 75.2249 -47.1582 1.5
      vertex 75.3207 -46.8902 -1.5
      vertex 75.3207 -46.8902 1.5
    endloop
  endfacet
  facet normal 0.941646 -0.336603 0
    outer loop
      vertex 75.3207 -46.8902 -1.5
      vertex 75.2249 -47.1582 1.5
      vertex 75.2249 -47.1582 -1.5
    endloop
  endfacet
  facet normal 0.969977 0.243197 0
    outer loop
      vertex 75.2249 -48.8418 1.5
      vertex 75.1557 -48.5658 -1.5
      vertex 75.1557 -48.5658 1.5
    endloop
  endfacet
  facet normal 0.969977 0.243197 0
    outer loop
      vertex 75.1557 -48.5658 -1.5
      vertex 75.2249 -48.8418 1.5
      vertex 75.2249 -48.8418 -1.5
    endloop
  endfacet
  facet normal 0.998789 0.0492014 0
    outer loop
      vertex 75.114 -48.2842 1.5
      vertex 75.1 -48 -1.5
      vertex 75.1 -48 1.5
    endloop
  endfacet
  facet normal 0.998789 0.0492014 0
    outer loop
      vertex 75.1 -48 -1.5
      vertex 75.114 -48.2842 1.5
      vertex 75.114 -48.2842 -1.5
    endloop
  endfacet
  facet normal -0.989213 0.146485 0
    outer loop
      vertex 80.8443 -48.5658 -1.5
      vertex 80.886 -48.2842 1.5
      vertex 80.886 -48.2842 -1.5
    endloop
  endfacet
  facet normal -0.989213 0.146485 0
    outer loop
      vertex 80.886 -48.2842 1.5
      vertex 80.8443 -48.5658 -1.5
      vertex 80.8443 -48.5658 1.5
    endloop
  endfacet
  facet normal 0.596 -0.802984 0
    outer loop
      vertex 76.1603 -45.7583 -1.5
      vertex 76.3888 -45.5887 1.5
      vertex 76.1603 -45.7583 1.5
    endloop
  endfacet
  facet normal 0.596 -0.802984 0
    outer loop
      vertex 76.3888 -45.5887 1.5
      vertex 76.1603 -45.7583 -1.5
      vertex 76.3888 -45.5887 -1.5
    endloop
  endfacet
  facet normal -0.146485 -0.989213 0
    outer loop
      vertex 78.2842 -45.114 -1.5
      vertex 78.5658 -45.1557 1.5
      vertex 78.2842 -45.114 1.5
    endloop
  endfacet
  facet normal -0.146485 -0.989213 -0
    outer loop
      vertex 78.5658 -45.1557 1.5
      vertex 78.2842 -45.114 -1.5
      vertex 78.5658 -45.1557 -1.5
    endloop
  endfacet
  facet normal 0.903981 -0.427573 0
    outer loop
      vertex 75.3207 -46.8902 1.5
      vertex 75.4424 -46.6329 -1.5
      vertex 75.4424 -46.6329 1.5
    endloop
  endfacet
  facet normal 0.903981 -0.427573 0
    outer loop
      vertex 75.4424 -46.6329 -1.5
      vertex 75.3207 -46.8902 1.5
      vertex 75.3207 -46.8902 -1.5
    endloop
  endfacet
  facet normal -0.514082 0.857741 0
    outer loop
      vertex 79.6112 -50.4113 -1.5
      vertex 79.3671 -50.5576 1.5
      vertex 79.6112 -50.4113 1.5
    endloop
  endfacet
  facet normal -0.514082 0.857741 0
    outer loop
      vertex 79.3671 -50.5576 1.5
      vertex 79.6112 -50.4113 -1.5
      vertex 79.3671 -50.5576 -1.5
    endloop
  endfacet
  facet normal -0.969977 0.243197 0
    outer loop
      vertex 80.7751 -48.8418 -1.5
      vertex 80.8443 -48.5658 1.5
      vertex 80.8443 -48.5658 -1.5
    endloop
  endfacet
  facet normal -0.969977 0.243197 0
    outer loop
      vertex 80.8443 -48.5658 1.5
      vertex 80.7751 -48.8418 -1.5
      vertex 80.7751 -48.8418 1.5
    endloop
  endfacet
  facet normal -0.596 -0.802984 0
    outer loop
      vertex 79.6112 -45.5887 -1.5
      vertex 79.8397 -45.7583 1.5
      vertex 79.6112 -45.5887 1.5
    endloop
  endfacet
  facet normal -0.596 -0.802984 -0
    outer loop
      vertex 79.8397 -45.7583 1.5
      vertex 79.6112 -45.5887 -1.5
      vertex 79.8397 -45.7583 -1.5
    endloop
  endfacet
  facet normal 0.243197 0.969977 -0
    outer loop
      vertex 77.4342 -50.8443 -1.5
      vertex 77.1582 -50.7751 1.5
      vertex 77.4342 -50.8443 1.5
    endloop
  endfacet
  facet normal 0.243197 0.969977 0
    outer loop
      vertex 77.1582 -50.7751 1.5
      vertex 77.4342 -50.8443 -1.5
      vertex 77.1582 -50.7751 -1.5
    endloop
  endfacet
  facet normal 0.0492014 -0.998789 0
    outer loop
      vertex 77.7158 -45.114 -1.5
      vertex 78 -45.1 1.5
      vertex 77.7158 -45.114 1.5
    endloop
  endfacet
  facet normal 0.0492014 -0.998789 0
    outer loop
      vertex 78 -45.1 1.5
      vertex 77.7158 -45.114 -1.5
      vertex 78 -45.1 -1.5
    endloop
  endfacet
  facet normal -0.596 0.802984 0
    outer loop
      vertex 79.8397 -50.2417 -1.5
      vertex 79.6112 -50.4113 1.5
      vertex 79.8397 -50.2417 1.5
    endloop
  endfacet
  facet normal -0.596 0.802984 0
    outer loop
      vertex 79.6112 -50.4113 1.5
      vertex 79.8397 -50.2417 -1.5
      vertex 79.6112 -50.4113 -1.5
    endloop
  endfacet
  facet normal 0.998789 -0.0492014 0
    outer loop
      vertex 75.1 -48 1.5
      vertex 75.114 -47.7158 -1.5
      vertex 75.114 -47.7158 1.5
    endloop
  endfacet
  facet normal 0.998789 -0.0492014 0
    outer loop
      vertex 75.114 -47.7158 -1.5
      vertex 75.1 -48 1.5
      vertex 75.1 -48 -1.5
    endloop
  endfacet
  facet normal 0.0492014 0.998789 -0
    outer loop
      vertex 78 -50.9 -1.5
      vertex 77.7158 -50.886 1.5
      vertex 78 -50.9 1.5
    endloop
  endfacet
  facet normal 0.0492014 0.998789 0
    outer loop
      vertex 77.7158 -50.886 1.5
      vertex 78 -50.9 -1.5
      vertex 77.7158 -50.886 -1.5
    endloop
  endfacet
  facet normal -0.514082 -0.857741 0
    outer loop
      vertex 79.3671 -45.4424 -1.5
      vertex 79.6112 -45.5887 1.5
      vertex 79.3671 -45.4424 1.5
    endloop
  endfacet
  facet normal -0.514082 -0.857741 -0
    outer loop
      vertex 79.6112 -45.5887 1.5
      vertex 79.3671 -45.4424 -1.5
      vertex 79.6112 -45.5887 -1.5
    endloop
  endfacet
  facet normal 0.146485 -0.989213 0
    outer loop
      vertex 77.4342 -45.1557 -1.5
      vertex 77.7158 -45.114 1.5
      vertex 77.4342 -45.1557 1.5
    endloop
  endfacet
  facet normal 0.146485 -0.989213 0
    outer loop
      vertex 77.7158 -45.114 1.5
      vertex 77.4342 -45.1557 -1.5
      vertex 77.7158 -45.114 -1.5
    endloop
  endfacet
  facet normal -0.427286 0.904117 0
    outer loop
      vertex 79.3671 -50.5576 -1.5
      vertex 79.1098 -50.6792 1.5
      vertex 79.3671 -50.5576 1.5
    endloop
  endfacet
  facet normal -0.427286 0.904117 0
    outer loop
      vertex 79.1098 -50.6792 1.5
      vertex 79.3671 -50.5576 -1.5
      vertex 79.1098 -50.6792 -1.5
    endloop
  endfacet
  facet normal -0.903981 0.427573 0
    outer loop
      vertex 80.5576 -49.3671 -1.5
      vertex 80.6793 -49.1098 1.5
      vertex 80.6793 -49.1098 -1.5
    endloop
  endfacet
  facet normal -0.903981 0.427573 0
    outer loop
      vertex 80.6793 -49.1098 1.5
      vertex 80.5576 -49.3671 -1.5
      vertex 80.5576 -49.3671 1.5
    endloop
  endfacet
  facet normal -0.998789 0.0492014 0
    outer loop
      vertex 80.886 -48.2842 -1.5
      vertex 80.9 -48 1.5
      vertex 80.9 -48 -1.5
    endloop
  endfacet
  facet normal -0.998789 0.0492014 0
    outer loop
      vertex 80.9 -48 1.5
      vertex 80.886 -48.2842 -1.5
      vertex 80.886 -48.2842 1.5
    endloop
  endfacet
  facet normal 0.671465 0.741036 -0
    outer loop
      vertex 76.1603 -50.2417 -1.5
      vertex 75.9494 -50.0506 1.5
      vertex 76.1603 -50.2417 1.5
    endloop
  endfacet
  facet normal 0.671465 0.741036 0
    outer loop
      vertex 75.9494 -50.0506 1.5
      vertex 76.1603 -50.2417 -1.5
      vertex 75.9494 -50.0506 -1.5
    endloop
  endfacet
  facet normal 0.857741 -0.514082 0
    outer loop
      vertex 75.4424 -46.6329 1.5
      vertex 75.5887 -46.3888 -1.5
      vertex 75.5887 -46.3888 1.5
    endloop
  endfacet
  facet normal 0.857741 -0.514082 0
    outer loop
      vertex 75.5887 -46.3888 -1.5
      vertex 75.4424 -46.6329 1.5
      vertex 75.4424 -46.6329 -1.5
    endloop
  endfacet
  facet normal 0.989213 -0.146485 0
    outer loop
      vertex 75.114 -47.7158 1.5
      vertex 75.1557 -47.4342 -1.5
      vertex 75.1557 -47.4342 1.5
    endloop
  endfacet
  facet normal 0.989213 -0.146485 0
    outer loop
      vertex 75.1557 -47.4342 -1.5
      vertex 75.114 -47.7158 1.5
      vertex 75.114 -47.7158 -1.5
    endloop
  endfacet
  facet normal -0.146485 0.989213 0
    outer loop
      vertex 78.5658 -50.8443 -1.5
      vertex 78.2842 -50.886 1.5
      vertex 78.5658 -50.8443 1.5
    endloop
  endfacet
  facet normal -0.146485 0.989213 0
    outer loop
      vertex 78.2842 -50.886 1.5
      vertex 78.5658 -50.8443 -1.5
      vertex 78.2842 -50.886 -1.5
    endloop
  endfacet
  facet normal -0.941646 -0.336603 0
    outer loop
      vertex 80.7751 -47.1582 -1.5
      vertex 80.6793 -46.8902 1.5
      vertex 80.6793 -46.8902 -1.5
    endloop
  endfacet
  facet normal -0.941646 -0.336603 0
    outer loop
      vertex 80.6793 -46.8902 1.5
      vertex 80.7751 -47.1582 -1.5
      vertex 80.7751 -47.1582 1.5
    endloop
  endfacet
  facet normal -0.741036 0.671465 0
    outer loop
      vertex 80.0506 -50.0506 -1.5
      vertex 80.2417 -49.8397 1.5
      vertex 80.2417 -49.8397 -1.5
    endloop
  endfacet
  facet normal -0.741036 0.671465 0
    outer loop
      vertex 80.2417 -49.8397 1.5
      vertex 80.0506 -50.0506 -1.5
      vertex 80.0506 -50.0506 1.5
    endloop
  endfacet
  facet normal -0.802984 0.596 0
    outer loop
      vertex 80.2417 -49.8397 -1.5
      vertex 80.4113 -49.6112 1.5
      vertex 80.4113 -49.6112 -1.5
    endloop
  endfacet
  facet normal -0.802984 0.596 0
    outer loop
      vertex 80.4113 -49.6112 1.5
      vertex 80.2417 -49.8397 -1.5
      vertex 80.2417 -49.8397 1.5
    endloop
  endfacet
  facet normal 0.427286 0.904117 -0
    outer loop
      vertex 76.8902 -50.6792 -1.5
      vertex 76.6329 -50.5576 1.5
      vertex 76.8902 -50.6792 1.5
    endloop
  endfacet
  facet normal 0.427286 0.904117 0
    outer loop
      vertex 76.6329 -50.5576 1.5
      vertex 76.8902 -50.6792 -1.5
      vertex 76.6329 -50.5576 -1.5
    endloop
  endfacet
  facet normal 0.514082 -0.857741 0
    outer loop
      vertex 76.3888 -45.5887 -1.5
      vertex 76.6329 -45.4424 1.5
      vertex 76.3888 -45.5887 1.5
    endloop
  endfacet
  facet normal 0.514082 -0.857741 0
    outer loop
      vertex 76.6329 -45.4424 1.5
      vertex 76.3888 -45.5887 -1.5
      vertex 76.6329 -45.4424 -1.5
    endloop
  endfacet
  facet normal -0.903981 -0.427573 0
    outer loop
      vertex 80.6793 -46.8902 -1.5
      vertex 80.5576 -46.6329 1.5
      vertex 80.5576 -46.6329 -1.5
    endloop
  endfacet
  facet normal -0.903981 -0.427573 0
    outer loop
      vertex 80.5576 -46.6329 1.5
      vertex 80.6793 -46.8902 -1.5
      vertex 80.6793 -46.8902 1.5
    endloop
  endfacet
  facet normal 0.969977 -0.243197 0
    outer loop
      vertex 75.1557 -47.4342 1.5
      vertex 75.2249 -47.1582 -1.5
      vertex 75.2249 -47.1582 1.5
    endloop
  endfacet
  facet normal 0.969977 -0.243197 0
    outer loop
      vertex 75.2249 -47.1582 -1.5
      vertex 75.1557 -47.4342 1.5
      vertex 75.1557 -47.4342 -1.5
    endloop
  endfacet
  facet normal 0.857741 0.514082 0
    outer loop
      vertex 75.5887 -49.6112 1.5
      vertex 75.4424 -49.3671 -1.5
      vertex 75.4424 -49.3671 1.5
    endloop
  endfacet
  facet normal 0.857741 0.514082 0
    outer loop
      vertex 75.4424 -49.3671 -1.5
      vertex 75.5887 -49.6112 1.5
      vertex 75.5887 -49.6112 -1.5
    endloop
  endfacet
  facet normal 0.671465 -0.741036 0
    outer loop
      vertex 75.9494 -45.9494 -1.5
      vertex 76.1603 -45.7583 1.5
      vertex 75.9494 -45.9494 1.5
    endloop
  endfacet
  facet normal 0.671465 -0.741036 0
    outer loop
      vertex 76.1603 -45.7583 1.5
      vertex 75.9494 -45.9494 -1.5
      vertex 76.1603 -45.7583 -1.5
    endloop
  endfacet
  facet normal -0.741036 -0.671465 0
    outer loop
      vertex 80.2417 -46.1603 -1.5
      vertex 80.0506 -45.9494 1.5
      vertex 80.0506 -45.9494 -1.5
    endloop
  endfacet
  facet normal -0.741036 -0.671465 0
    outer loop
      vertex 80.0506 -45.9494 1.5
      vertex 80.2417 -46.1603 -1.5
      vertex 80.2417 -46.1603 1.5
    endloop
  endfacet
  facet normal -0.243197 -0.969977 0
    outer loop
      vertex 78.5658 -45.1557 -1.5
      vertex 78.8418 -45.2249 1.5
      vertex 78.5658 -45.1557 1.5
    endloop
  endfacet
  facet normal -0.243197 -0.969977 -0
    outer loop
      vertex 78.8418 -45.2249 1.5
      vertex 78.5658 -45.1557 -1.5
      vertex 78.8418 -45.2249 -1.5
    endloop
  endfacet
  facet normal 0.989213 0.146485 0
    outer loop
      vertex 75.1557 -48.5658 1.5
      vertex 75.114 -48.2842 -1.5
      vertex 75.114 -48.2842 1.5
    endloop
  endfacet
  facet normal 0.989213 0.146485 0
    outer loop
      vertex 75.114 -48.2842 -1.5
      vertex 75.1557 -48.5658 1.5
      vertex 75.1557 -48.5658 -1.5
    endloop
  endfacet
  facet normal 0.741036 -0.671465 0
    outer loop
      vertex 75.7583 -46.1603 1.5
      vertex 75.9494 -45.9494 -1.5
      vertex 75.9494 -45.9494 1.5
    endloop
  endfacet
  facet normal 0.741036 -0.671465 0
    outer loop
      vertex 75.9494 -45.9494 -1.5
      vertex 75.7583 -46.1603 1.5
      vertex 75.7583 -46.1603 -1.5
    endloop
  endfacet
  facet normal 0.941646 0.336603 0
    outer loop
      vertex 75.3207 -49.1098 1.5
      vertex 75.2249 -48.8418 -1.5
      vertex 75.2249 -48.8418 1.5
    endloop
  endfacet
  facet normal 0.941646 0.336603 0
    outer loop
      vertex 75.2249 -48.8418 -1.5
      vertex 75.3207 -49.1098 1.5
      vertex 75.3207 -49.1098 -1.5
    endloop
  endfacet
  facet normal 0.336915 0.941535 -0
    outer loop
      vertex 77.1582 -50.7751 -1.5
      vertex 76.8902 -50.6792 1.5
      vertex 77.1582 -50.7751 1.5
    endloop
  endfacet
  facet normal 0.336915 0.941535 0
    outer loop
      vertex 76.8902 -50.6792 1.5
      vertex 77.1582 -50.7751 -1.5
      vertex 76.8902 -50.6792 -1.5
    endloop
  endfacet
  facet normal -0.671465 0.741036 0
    outer loop
      vertex 80.0506 -50.0506 -1.5
      vertex 79.8397 -50.2417 1.5
      vertex 80.0506 -50.0506 1.5
    endloop
  endfacet
  facet normal -0.671465 0.741036 0
    outer loop
      vertex 79.8397 -50.2417 1.5
      vertex 80.0506 -50.0506 -1.5
      vertex 79.8397 -50.2417 -1.5
    endloop
  endfacet
  facet normal 0.596 0.802984 -0
    outer loop
      vertex 76.3888 -50.4113 -1.5
      vertex 76.1603 -50.2417 1.5
      vertex 76.3888 -50.4113 1.5
    endloop
  endfacet
  facet normal 0.596 0.802984 0
    outer loop
      vertex 76.1603 -50.2417 1.5
      vertex 76.3888 -50.4113 -1.5
      vertex 76.1603 -50.2417 -1.5
    endloop
  endfacet
  facet normal 0.802984 -0.596 0
    outer loop
      vertex 75.5887 -46.3888 1.5
      vertex 75.7583 -46.1603 -1.5
      vertex 75.7583 -46.1603 1.5
    endloop
  endfacet
  facet normal 0.802984 -0.596 0
    outer loop
      vertex 75.7583 -46.1603 -1.5
      vertex 75.5887 -46.3888 1.5
      vertex 75.5887 -46.3888 -1.5
    endloop
  endfacet
  facet normal -0.857741 0.514082 0
    outer loop
      vertex 80.4113 -49.6112 -1.5
      vertex 80.5576 -49.3671 1.5
      vertex 80.5576 -49.3671 -1.5
    endloop
  endfacet
  facet normal -0.857741 0.514082 0
    outer loop
      vertex 80.5576 -49.3671 1.5
      vertex 80.4113 -49.6112 -1.5
      vertex 80.4113 -49.6112 1.5
    endloop
  endfacet
  facet normal -0.336603 -0.941646 0
    outer loop
      vertex 78.8418 -45.2249 -1.5
      vertex 79.1098 -45.3207 1.5
      vertex 78.8418 -45.2249 1.5
    endloop
  endfacet
  facet normal -0.336603 -0.941646 -0
    outer loop
      vertex 79.1098 -45.3207 1.5
      vertex 78.8418 -45.2249 -1.5
      vertex 79.1098 -45.3207 -1.5
    endloop
  endfacet
  facet normal 0.903981 0.427573 0
    outer loop
      vertex 75.4424 -49.3671 1.5
      vertex 75.3207 -49.1098 -1.5
      vertex 75.3207 -49.1098 1.5
    endloop
  endfacet
  facet normal 0.903981 0.427573 0
    outer loop
      vertex 75.3207 -49.1098 -1.5
      vertex 75.4424 -49.3671 1.5
      vertex 75.4424 -49.3671 -1.5
    endloop
  endfacet
  facet normal 0.427573 -0.903981 0
    outer loop
      vertex 76.6329 -45.4424 -1.5
      vertex 76.8902 -45.3207 1.5
      vertex 76.6329 -45.4424 1.5
    endloop
  endfacet
  facet normal 0.427573 -0.903981 0
    outer loop
      vertex 76.8902 -45.3207 1.5
      vertex 76.6329 -45.4424 -1.5
      vertex 76.8902 -45.3207 -1.5
    endloop
  endfacet
  facet normal 0.146485 0.989213 -0
    outer loop
      vertex 77.7158 -50.886 -1.5
      vertex 77.4342 -50.8443 1.5
      vertex 77.7158 -50.886 1.5
    endloop
  endfacet
  facet normal 0.146485 0.989213 0
    outer loop
      vertex 77.4342 -50.8443 1.5
      vertex 77.7158 -50.886 -1.5
      vertex 77.4342 -50.8443 -1.5
    endloop
  endfacet
  facet normal 0.514082 0.857741 -0
    outer loop
      vertex 76.6329 -50.5576 -1.5
      vertex 76.3888 -50.4113 1.5
      vertex 76.6329 -50.5576 1.5
    endloop
  endfacet
  facet normal 0.514082 0.857741 0
    outer loop
      vertex 76.3888 -50.4113 1.5
      vertex 76.6329 -50.5576 -1.5
      vertex 76.3888 -50.4113 -1.5
    endloop
  endfacet
  facet normal -0.802984 -0.596 0
    outer loop
      vertex 80.4113 -62.3888 -1.5
      vertex 80.2417 -62.1603 1.5
      vertex 80.2417 -62.1603 -1.5
    endloop
  endfacet
  facet normal -0.802984 -0.596 0
    outer loop
      vertex 80.2417 -62.1603 1.5
      vertex 80.4113 -62.3888 -1.5
      vertex 80.4113 -62.3888 1.5
    endloop
  endfacet
  facet normal -0.989213 -0.146485 0
    outer loop
      vertex 80.886 -63.7158 -1.5
      vertex 80.8443 -63.4342 1.5
      vertex 80.8443 -63.4342 -1.5
    endloop
  endfacet
  facet normal -0.989213 -0.146485 0
    outer loop
      vertex 80.8443 -63.4342 1.5
      vertex 80.886 -63.7158 -1.5
      vertex 80.886 -63.7158 1.5
    endloop
  endfacet
  facet normal -0.998789 -0.0492014 0
    outer loop
      vertex 80.9 -64 -1.5
      vertex 80.886 -63.7158 1.5
      vertex 80.886 -63.7158 -1.5
    endloop
  endfacet
  facet normal -0.998789 -0.0492014 0
    outer loop
      vertex 80.886 -63.7158 1.5
      vertex 80.9 -64 -1.5
      vertex 80.9 -64 1.5
    endloop
  endfacet
  facet normal -0.969977 -0.243197 0
    outer loop
      vertex 80.8443 -63.4342 -1.5
      vertex 80.7751 -63.1582 1.5
      vertex 80.7751 -63.1582 -1.5
    endloop
  endfacet
  facet normal -0.969977 -0.243197 0
    outer loop
      vertex 80.7751 -63.1582 1.5
      vertex 80.8443 -63.4342 -1.5
      vertex 80.8443 -63.4342 1.5
    endloop
  endfacet
  facet normal -0.857741 -0.514082 0
    outer loop
      vertex 80.5576 -62.6329 -1.5
      vertex 80.4113 -62.3888 1.5
      vertex 80.4113 -62.3888 -1.5
    endloop
  endfacet
  facet normal -0.857741 -0.514082 0
    outer loop
      vertex 80.4113 -62.3888 1.5
      vertex 80.5576 -62.6329 -1.5
      vertex 80.5576 -62.6329 1.5
    endloop
  endfacet
  facet normal -0.336603 0.941646 0
    outer loop
      vertex 79.1098 -66.6793 -1.5
      vertex 78.8418 -66.7751 1.5
      vertex 79.1098 -66.6793 1.5
    endloop
  endfacet
  facet normal -0.336603 0.941646 0
    outer loop
      vertex 78.8418 -66.7751 1.5
      vertex 79.1098 -66.6793 -1.5
      vertex 78.8418 -66.7751 -1.5
    endloop
  endfacet
  facet normal -0.941646 0.336603 0
    outer loop
      vertex 80.6793 -65.1098 -1.5
      vertex 80.7751 -64.8418 1.5
      vertex 80.7751 -64.8418 -1.5
    endloop
  endfacet
  facet normal -0.941646 0.336603 0
    outer loop
      vertex 80.7751 -64.8418 1.5
      vertex 80.6793 -65.1098 -1.5
      vertex 80.6793 -65.1098 1.5
    endloop
  endfacet
  facet normal 0.802984 0.596 0
    outer loop
      vertex 75.7583 -65.8397 1.5
      vertex 75.5887 -65.6112 -1.5
      vertex 75.5887 -65.6112 1.5
    endloop
  endfacet
  facet normal 0.802984 0.596 0
    outer loop
      vertex 75.5887 -65.6112 -1.5
      vertex 75.7583 -65.8397 1.5
      vertex 75.7583 -65.8397 -1.5
    endloop
  endfacet
  facet normal 0.336603 -0.941646 0
    outer loop
      vertex 76.8902 -61.3207 -1.5
      vertex 77.1582 -61.2249 1.5
      vertex 76.8902 -61.3207 1.5
    endloop
  endfacet
  facet normal 0.336603 -0.941646 0
    outer loop
      vertex 77.1582 -61.2249 1.5
      vertex 76.8902 -61.3207 -1.5
      vertex 77.1582 -61.2249 -1.5
    endloop
  endfacet
  facet normal 0.243197 -0.969977 0
    outer loop
      vertex 77.1582 -61.2249 -1.5
      vertex 77.4342 -61.1557 1.5
      vertex 77.1582 -61.2249 1.5
    endloop
  endfacet
  facet normal 0.243197 -0.969977 0
    outer loop
      vertex 77.4342 -61.1557 1.5
      vertex 77.1582 -61.2249 -1.5
      vertex 77.4342 -61.1557 -1.5
    endloop
  endfacet
  facet normal -0.0492014 0.998789 0
    outer loop
      vertex 78.2842 -66.886 -1.5
      vertex 78 -66.9 1.5
      vertex 78.2842 -66.886 1.5
    endloop
  endfacet
  facet normal -0.0492014 0.998789 0
    outer loop
      vertex 78 -66.9 1.5
      vertex 78.2842 -66.886 -1.5
      vertex 78 -66.9 -1.5
    endloop
  endfacet
  facet normal -0.427573 -0.903981 0
    outer loop
      vertex 79.1098 -61.3207 -1.5
      vertex 79.3671 -61.4424 1.5
      vertex 79.1098 -61.3207 1.5
    endloop
  endfacet
  facet normal -0.427573 -0.903981 -0
    outer loop
      vertex 79.3671 -61.4424 1.5
      vertex 79.1098 -61.3207 -1.5
      vertex 79.3671 -61.4424 -1.5
    endloop
  endfacet
  facet normal -0.243197 0.969977 0
    outer loop
      vertex 78.8418 -66.7751 -1.5
      vertex 78.5658 -66.8443 1.5
      vertex 78.8418 -66.7751 1.5
    endloop
  endfacet
  facet normal -0.243197 0.969977 0
    outer loop
      vertex 78.5658 -66.8443 1.5
      vertex 78.8418 -66.7751 -1.5
      vertex 78.5658 -66.8443 -1.5
    endloop
  endfacet
  facet normal -0.0492014 -0.998789 0
    outer loop
      vertex 78 -61.1 -1.5
      vertex 78.2842 -61.114 1.5
      vertex 78 -61.1 1.5
    endloop
  endfacet
  facet normal -0.0492014 -0.998789 -0
    outer loop
      vertex 78.2842 -61.114 1.5
      vertex 78 -61.1 -1.5
      vertex 78.2842 -61.114 -1.5
    endloop
  endfacet
  facet normal -0.671465 -0.741036 0
    outer loop
      vertex 79.8397 -61.7583 -1.5
      vertex 80.0506 -61.9494 1.5
      vertex 79.8397 -61.7583 1.5
    endloop
  endfacet
  facet normal -0.671465 -0.741036 -0
    outer loop
      vertex 80.0506 -61.9494 1.5
      vertex 79.8397 -61.7583 -1.5
      vertex 80.0506 -61.9494 -1.5
    endloop
  endfacet
  facet normal 0.741036 0.671465 0
    outer loop
      vertex 75.9494 -66.0506 1.5
      vertex 75.7583 -65.8397 -1.5
      vertex 75.7583 -65.8397 1.5
    endloop
  endfacet
  facet normal 0.741036 0.671465 0
    outer loop
      vertex 75.7583 -65.8397 -1.5
      vertex 75.9494 -66.0506 1.5
      vertex 75.9494 -66.0506 -1.5
    endloop
  endfacet
  facet normal 0.941646 -0.336603 0
    outer loop
      vertex 75.2249 -63.1582 1.5
      vertex 75.3207 -62.8902 -1.5
      vertex 75.3207 -62.8902 1.5
    endloop
  endfacet
  facet normal 0.941646 -0.336603 0
    outer loop
      vertex 75.3207 -62.8902 -1.5
      vertex 75.2249 -63.1582 1.5
      vertex 75.2249 -63.1582 -1.5
    endloop
  endfacet
  facet normal 0.969977 0.243197 0
    outer loop
      vertex 75.2249 -64.8418 1.5
      vertex 75.1557 -64.5658 -1.5
      vertex 75.1557 -64.5658 1.5
    endloop
  endfacet
  facet normal 0.969977 0.243197 0
    outer loop
      vertex 75.1557 -64.5658 -1.5
      vertex 75.2249 -64.8418 1.5
      vertex 75.2249 -64.8418 -1.5
    endloop
  endfacet
  facet normal 0.998789 0.0492014 0
    outer loop
      vertex 75.114 -64.2842 1.5
      vertex 75.1 -64 -1.5
      vertex 75.1 -64 1.5
    endloop
  endfacet
  facet normal 0.998789 0.0492014 0
    outer loop
      vertex 75.1 -64 -1.5
      vertex 75.114 -64.2842 1.5
      vertex 75.114 -64.2842 -1.5
    endloop
  endfacet
  facet normal -0.989213 0.146485 0
    outer loop
      vertex 80.8443 -64.5658 -1.5
      vertex 80.886 -64.2842 1.5
      vertex 80.886 -64.2842 -1.5
    endloop
  endfacet
  facet normal -0.989213 0.146485 0
    outer loop
      vertex 80.886 -64.2842 1.5
      vertex 80.8443 -64.5658 -1.5
      vertex 80.8443 -64.5658 1.5
    endloop
  endfacet
  facet normal 0.596 -0.802984 0
    outer loop
      vertex 76.1603 -61.7583 -1.5
      vertex 76.3888 -61.5887 1.5
      vertex 76.1603 -61.7583 1.5
    endloop
  endfacet
  facet normal 0.596 -0.802984 0
    outer loop
      vertex 76.3888 -61.5887 1.5
      vertex 76.1603 -61.7583 -1.5
      vertex 76.3888 -61.5887 -1.5
    endloop
  endfacet
  facet normal -0.146485 -0.989213 0
    outer loop
      vertex 78.2842 -61.114 -1.5
      vertex 78.5658 -61.1557 1.5
      vertex 78.2842 -61.114 1.5
    endloop
  endfacet
  facet normal -0.146485 -0.989213 -0
    outer loop
      vertex 78.5658 -61.1557 1.5
      vertex 78.2842 -61.114 -1.5
      vertex 78.5658 -61.1557 -1.5
    endloop
  endfacet
  facet normal 0.903981 -0.427573 0
    outer loop
      vertex 75.3207 -62.8902 1.5
      vertex 75.4424 -62.6329 -1.5
      vertex 75.4424 -62.6329 1.5
    endloop
  endfacet
  facet normal 0.903981 -0.427573 0
    outer loop
      vertex 75.4424 -62.6329 -1.5
      vertex 75.3207 -62.8902 1.5
      vertex 75.3207 -62.8902 -1.5
    endloop
  endfacet
  facet normal -0.514082 0.857741 0
    outer loop
      vertex 79.6112 -66.4113 -1.5
      vertex 79.3671 -66.5576 1.5
      vertex 79.6112 -66.4113 1.5
    endloop
  endfacet
  facet normal -0.514082 0.857741 0
    outer loop
      vertex 79.3671 -66.5576 1.5
      vertex 79.6112 -66.4113 -1.5
      vertex 79.3671 -66.5576 -1.5
    endloop
  endfacet
  facet normal -0.969977 0.243197 0
    outer loop
      vertex 80.7751 -64.8418 -1.5
      vertex 80.8443 -64.5658 1.5
      vertex 80.8443 -64.5658 -1.5
    endloop
  endfacet
  facet normal -0.969977 0.243197 0
    outer loop
      vertex 80.8443 -64.5658 1.5
      vertex 80.7751 -64.8418 -1.5
      vertex 80.7751 -64.8418 1.5
    endloop
  endfacet
  facet normal -0.596 -0.802984 0
    outer loop
      vertex 79.6112 -61.5887 -1.5
      vertex 79.8397 -61.7583 1.5
      vertex 79.6112 -61.5887 1.5
    endloop
  endfacet
  facet normal -0.596 -0.802984 -0
    outer loop
      vertex 79.8397 -61.7583 1.5
      vertex 79.6112 -61.5887 -1.5
      vertex 79.8397 -61.7583 -1.5
    endloop
  endfacet
  facet normal 0.243197 0.969977 -0
    outer loop
      vertex 77.4342 -66.8443 -1.5
      vertex 77.1582 -66.7751 1.5
      vertex 77.4342 -66.8443 1.5
    endloop
  endfacet
  facet normal 0.243197 0.969977 0
    outer loop
      vertex 77.1582 -66.7751 1.5
      vertex 77.4342 -66.8443 -1.5
      vertex 77.1582 -66.7751 -1.5
    endloop
  endfacet
  facet normal 0.0492014 -0.998789 0
    outer loop
      vertex 77.7158 -61.114 -1.5
      vertex 78 -61.1 1.5
      vertex 77.7158 -61.114 1.5
    endloop
  endfacet
  facet normal 0.0492014 -0.998789 0
    outer loop
      vertex 78 -61.1 1.5
      vertex 77.7158 -61.114 -1.5
      vertex 78 -61.1 -1.5
    endloop
  endfacet
  facet normal -0.596 0.802984 0
    outer loop
      vertex 79.8397 -66.2417 -1.5
      vertex 79.6112 -66.4113 1.5
      vertex 79.8397 -66.2417 1.5
    endloop
  endfacet
  facet normal -0.596 0.802984 0
    outer loop
      vertex 79.6112 -66.4113 1.5
      vertex 79.8397 -66.2417 -1.5
      vertex 79.6112 -66.4113 -1.5
    endloop
  endfacet
  facet normal 0.998789 -0.0492014 0
    outer loop
      vertex 75.1 -64 1.5
      vertex 75.114 -63.7158 -1.5
      vertex 75.114 -63.7158 1.5
    endloop
  endfacet
  facet normal 0.998789 -0.0492014 0
    outer loop
      vertex 75.114 -63.7158 -1.5
      vertex 75.1 -64 1.5
      vertex 75.1 -64 -1.5
    endloop
  endfacet
  facet normal 0.0492014 0.998789 -0
    outer loop
      vertex 78 -66.9 -1.5
      vertex 77.7158 -66.886 1.5
      vertex 78 -66.9 1.5
    endloop
  endfacet
  facet normal 0.0492014 0.998789 0
    outer loop
      vertex 77.7158 -66.886 1.5
      vertex 78 -66.9 -1.5
      vertex 77.7158 -66.886 -1.5
    endloop
  endfacet
  facet normal -0.514082 -0.857741 0
    outer loop
      vertex 79.3671 -61.4424 -1.5
      vertex 79.6112 -61.5887 1.5
      vertex 79.3671 -61.4424 1.5
    endloop
  endfacet
  facet normal -0.514082 -0.857741 -0
    outer loop
      vertex 79.6112 -61.5887 1.5
      vertex 79.3671 -61.4424 -1.5
      vertex 79.6112 -61.5887 -1.5
    endloop
  endfacet
  facet normal 0.146485 -0.989213 0
    outer loop
      vertex 77.4342 -61.1557 -1.5
      vertex 77.7158 -61.114 1.5
      vertex 77.4342 -61.1557 1.5
    endloop
  endfacet
  facet normal 0.146485 -0.989213 0
    outer loop
      vertex 77.7158 -61.114 1.5
      vertex 77.4342 -61.1557 -1.5
      vertex 77.7158 -61.114 -1.5
    endloop
  endfacet
  facet normal -0.427573 0.903981 0
    outer loop
      vertex 79.3671 -66.5576 -1.5
      vertex 79.1098 -66.6793 1.5
      vertex 79.3671 -66.5576 1.5
    endloop
  endfacet
  facet normal -0.427573 0.903981 0
    outer loop
      vertex 79.1098 -66.6793 1.5
      vertex 79.3671 -66.5576 -1.5
      vertex 79.1098 -66.6793 -1.5
    endloop
  endfacet
  facet normal -0.903981 0.427573 0
    outer loop
      vertex 80.5576 -65.3671 -1.5
      vertex 80.6793 -65.1098 1.5
      vertex 80.6793 -65.1098 -1.5
    endloop
  endfacet
  facet normal -0.903981 0.427573 0
    outer loop
      vertex 80.6793 -65.1098 1.5
      vertex 80.5576 -65.3671 -1.5
      vertex 80.5576 -65.3671 1.5
    endloop
  endfacet
  facet normal -0.998789 0.0492014 0
    outer loop
      vertex 80.886 -64.2842 -1.5
      vertex 80.9 -64 1.5
      vertex 80.9 -64 -1.5
    endloop
  endfacet
  facet normal -0.998789 0.0492014 0
    outer loop
      vertex 80.9 -64 1.5
      vertex 80.886 -64.2842 -1.5
      vertex 80.886 -64.2842 1.5
    endloop
  endfacet
  facet normal 0.671465 0.741036 -0
    outer loop
      vertex 76.1603 -66.2417 -1.5
      vertex 75.9494 -66.0506 1.5
      vertex 76.1603 -66.2417 1.5
    endloop
  endfacet
  facet normal 0.671465 0.741036 0
    outer loop
      vertex 75.9494 -66.0506 1.5
      vertex 76.1603 -66.2417 -1.5
      vertex 75.9494 -66.0506 -1.5
    endloop
  endfacet
  facet normal 0.857741 -0.514082 0
    outer loop
      vertex 75.4424 -62.6329 1.5
      vertex 75.5887 -62.3888 -1.5
      vertex 75.5887 -62.3888 1.5
    endloop
  endfacet
  facet normal 0.857741 -0.514082 0
    outer loop
      vertex 75.5887 -62.3888 -1.5
      vertex 75.4424 -62.6329 1.5
      vertex 75.4424 -62.6329 -1.5
    endloop
  endfacet
  facet normal 0.989213 -0.146485 0
    outer loop
      vertex 75.114 -63.7158 1.5
      vertex 75.1557 -63.4342 -1.5
      vertex 75.1557 -63.4342 1.5
    endloop
  endfacet
  facet normal 0.989213 -0.146485 0
    outer loop
      vertex 75.1557 -63.4342 -1.5
      vertex 75.114 -63.7158 1.5
      vertex 75.114 -63.7158 -1.5
    endloop
  endfacet
  facet normal -0.146485 0.989213 0
    outer loop
      vertex 78.5658 -66.8443 -1.5
      vertex 78.2842 -66.886 1.5
      vertex 78.5658 -66.8443 1.5
    endloop
  endfacet
  facet normal -0.146485 0.989213 0
    outer loop
      vertex 78.2842 -66.886 1.5
      vertex 78.5658 -66.8443 -1.5
      vertex 78.2842 -66.886 -1.5
    endloop
  endfacet
  facet normal -0.941646 -0.336603 0
    outer loop
      vertex 80.7751 -63.1582 -1.5
      vertex 80.6793 -62.8902 1.5
      vertex 80.6793 -62.8902 -1.5
    endloop
  endfacet
  facet normal -0.941646 -0.336603 0
    outer loop
      vertex 80.6793 -62.8902 1.5
      vertex 80.7751 -63.1582 -1.5
      vertex 80.7751 -63.1582 1.5
    endloop
  endfacet
  facet normal -0.741036 0.671465 0
    outer loop
      vertex 80.0506 -66.0506 -1.5
      vertex 80.2417 -65.8397 1.5
      vertex 80.2417 -65.8397 -1.5
    endloop
  endfacet
  facet normal -0.741036 0.671465 0
    outer loop
      vertex 80.2417 -65.8397 1.5
      vertex 80.0506 -66.0506 -1.5
      vertex 80.0506 -66.0506 1.5
    endloop
  endfacet
  facet normal -0.802984 0.596 0
    outer loop
      vertex 80.2417 -65.8397 -1.5
      vertex 80.4113 -65.6112 1.5
      vertex 80.4113 -65.6112 -1.5
    endloop
  endfacet
  facet normal -0.802984 0.596 0
    outer loop
      vertex 80.4113 -65.6112 1.5
      vertex 80.2417 -65.8397 -1.5
      vertex 80.2417 -65.8397 1.5
    endloop
  endfacet
  facet normal 0.427573 0.903981 -0
    outer loop
      vertex 76.8902 -66.6793 -1.5
      vertex 76.6329 -66.5576 1.5
      vertex 76.8902 -66.6793 1.5
    endloop
  endfacet
  facet normal 0.427573 0.903981 0
    outer loop
      vertex 76.6329 -66.5576 1.5
      vertex 76.8902 -66.6793 -1.5
      vertex 76.6329 -66.5576 -1.5
    endloop
  endfacet
  facet normal 0.514082 -0.857741 0
    outer loop
      vertex 76.3888 -61.5887 -1.5
      vertex 76.6329 -61.4424 1.5
      vertex 76.3888 -61.5887 1.5
    endloop
  endfacet
  facet normal 0.514082 -0.857741 0
    outer loop
      vertex 76.6329 -61.4424 1.5
      vertex 76.3888 -61.5887 -1.5
      vertex 76.6329 -61.4424 -1.5
    endloop
  endfacet
  facet normal -0.903981 -0.427573 0
    outer loop
      vertex 80.6793 -62.8902 -1.5
      vertex 80.5576 -62.6329 1.5
      vertex 80.5576 -62.6329 -1.5
    endloop
  endfacet
  facet normal -0.903981 -0.427573 0
    outer loop
      vertex 80.5576 -62.6329 1.5
      vertex 80.6793 -62.8902 -1.5
      vertex 80.6793 -62.8902 1.5
    endloop
  endfacet
  facet normal 0.969977 -0.243197 0
    outer loop
      vertex 75.1557 -63.4342 1.5
      vertex 75.2249 -63.1582 -1.5
      vertex 75.2249 -63.1582 1.5
    endloop
  endfacet
  facet normal 0.969977 -0.243197 0
    outer loop
      vertex 75.2249 -63.1582 -1.5
      vertex 75.1557 -63.4342 1.5
      vertex 75.1557 -63.4342 -1.5
    endloop
  endfacet
  facet normal 0.857741 0.514082 0
    outer loop
      vertex 75.5887 -65.6112 1.5
      vertex 75.4424 -65.3671 -1.5
      vertex 75.4424 -65.3671 1.5
    endloop
  endfacet
  facet normal 0.857741 0.514082 0
    outer loop
      vertex 75.4424 -65.3671 -1.5
      vertex 75.5887 -65.6112 1.5
      vertex 75.5887 -65.6112 -1.5
    endloop
  endfacet
  facet normal 0.671465 -0.741036 0
    outer loop
      vertex 75.9494 -61.9494 -1.5
      vertex 76.1603 -61.7583 1.5
      vertex 75.9494 -61.9494 1.5
    endloop
  endfacet
  facet normal 0.671465 -0.741036 0
    outer loop
      vertex 76.1603 -61.7583 1.5
      vertex 75.9494 -61.9494 -1.5
      vertex 76.1603 -61.7583 -1.5
    endloop
  endfacet
  facet normal -0.741036 -0.671465 0
    outer loop
      vertex 80.2417 -62.1603 -1.5
      vertex 80.0506 -61.9494 1.5
      vertex 80.0506 -61.9494 -1.5
    endloop
  endfacet
  facet normal -0.741036 -0.671465 0
    outer loop
      vertex 80.0506 -61.9494 1.5
      vertex 80.2417 -62.1603 -1.5
      vertex 80.2417 -62.1603 1.5
    endloop
  endfacet
  facet normal -0.243197 -0.969977 0
    outer loop
      vertex 78.5658 -61.1557 -1.5
      vertex 78.8418 -61.2249 1.5
      vertex 78.5658 -61.1557 1.5
    endloop
  endfacet
  facet normal -0.243197 -0.969977 -0
    outer loop
      vertex 78.8418 -61.2249 1.5
      vertex 78.5658 -61.1557 -1.5
      vertex 78.8418 -61.2249 -1.5
    endloop
  endfacet
  facet normal 0.989213 0.146485 0
    outer loop
      vertex 75.1557 -64.5658 1.5
      vertex 75.114 -64.2842 -1.5
      vertex 75.114 -64.2842 1.5
    endloop
  endfacet
  facet normal 0.989213 0.146485 0
    outer loop
      vertex 75.114 -64.2842 -1.5
      vertex 75.1557 -64.5658 1.5
      vertex 75.1557 -64.5658 -1.5
    endloop
  endfacet
  facet normal 0.741036 -0.671465 0
    outer loop
      vertex 75.7583 -62.1603 1.5
      vertex 75.9494 -61.9494 -1.5
      vertex 75.9494 -61.9494 1.5
    endloop
  endfacet
  facet normal 0.741036 -0.671465 0
    outer loop
      vertex 75.9494 -61.9494 -1.5
      vertex 75.7583 -62.1603 1.5
      vertex 75.7583 -62.1603 -1.5
    endloop
  endfacet
  facet normal 0.941646 0.336603 0
    outer loop
      vertex 75.3207 -65.1098 1.5
      vertex 75.2249 -64.8418 -1.5
      vertex 75.2249 -64.8418 1.5
    endloop
  endfacet
  facet normal 0.941646 0.336603 0
    outer loop
      vertex 75.2249 -64.8418 -1.5
      vertex 75.3207 -65.1098 1.5
      vertex 75.3207 -65.1098 -1.5
    endloop
  endfacet
  facet normal 0.336603 0.941646 -0
    outer loop
      vertex 77.1582 -66.7751 -1.5
      vertex 76.8902 -66.6793 1.5
      vertex 77.1582 -66.7751 1.5
    endloop
  endfacet
  facet normal 0.336603 0.941646 0
    outer loop
      vertex 76.8902 -66.6793 1.5
      vertex 77.1582 -66.7751 -1.5
      vertex 76.8902 -66.6793 -1.5
    endloop
  endfacet
  facet normal -0.671465 0.741036 0
    outer loop
      vertex 80.0506 -66.0506 -1.5
      vertex 79.8397 -66.2417 1.5
      vertex 80.0506 -66.0506 1.5
    endloop
  endfacet
  facet normal -0.671465 0.741036 0
    outer loop
      vertex 79.8397 -66.2417 1.5
      vertex 80.0506 -66.0506 -1.5
      vertex 79.8397 -66.2417 -1.5
    endloop
  endfacet
  facet normal 0.596 0.802984 -0
    outer loop
      vertex 76.3888 -66.4113 -1.5
      vertex 76.1603 -66.2417 1.5
      vertex 76.3888 -66.4113 1.5
    endloop
  endfacet
  facet normal 0.596 0.802984 0
    outer loop
      vertex 76.1603 -66.2417 1.5
      vertex 76.3888 -66.4113 -1.5
      vertex 76.1603 -66.2417 -1.5
    endloop
  endfacet
  facet normal 0.802984 -0.596 0
    outer loop
      vertex 75.5887 -62.3888 1.5
      vertex 75.7583 -62.1603 -1.5
      vertex 75.7583 -62.1603 1.5
    endloop
  endfacet
  facet normal 0.802984 -0.596 0
    outer loop
      vertex 75.7583 -62.1603 -1.5
      vertex 75.5887 -62.3888 1.5
      vertex 75.5887 -62.3888 -1.5
    endloop
  endfacet
  facet normal -0.857741 0.514082 0
    outer loop
      vertex 80.4113 -65.6112 -1.5
      vertex 80.5576 -65.3671 1.5
      vertex 80.5576 -65.3671 -1.5
    endloop
  endfacet
  facet normal -0.857741 0.514082 0
    outer loop
      vertex 80.5576 -65.3671 1.5
      vertex 80.4113 -65.6112 -1.5
      vertex 80.4113 -65.6112 1.5
    endloop
  endfacet
  facet normal -0.336603 -0.941646 0
    outer loop
      vertex 78.8418 -61.2249 -1.5
      vertex 79.1098 -61.3207 1.5
      vertex 78.8418 -61.2249 1.5
    endloop
  endfacet
  facet normal -0.336603 -0.941646 -0
    outer loop
      vertex 79.1098 -61.3207 1.5
      vertex 78.8418 -61.2249 -1.5
      vertex 79.1098 -61.3207 -1.5
    endloop
  endfacet
  facet normal 0.903981 0.427573 0
    outer loop
      vertex 75.4424 -65.3671 1.5
      vertex 75.3207 -65.1098 -1.5
      vertex 75.3207 -65.1098 1.5
    endloop
  endfacet
  facet normal 0.903981 0.427573 0
    outer loop
      vertex 75.3207 -65.1098 -1.5
      vertex 75.4424 -65.3671 1.5
      vertex 75.4424 -65.3671 -1.5
    endloop
  endfacet
  facet normal 0.427573 -0.903981 0
    outer loop
      vertex 76.6329 -61.4424 -1.5
      vertex 76.8902 -61.3207 1.5
      vertex 76.6329 -61.4424 1.5
    endloop
  endfacet
  facet normal 0.427573 -0.903981 0
    outer loop
      vertex 76.8902 -61.3207 1.5
      vertex 76.6329 -61.4424 -1.5
      vertex 76.8902 -61.3207 -1.5
    endloop
  endfacet
  facet normal 0.146485 0.989213 -0
    outer loop
      vertex 77.7158 -66.886 -1.5
      vertex 77.4342 -66.8443 1.5
      vertex 77.7158 -66.886 1.5
    endloop
  endfacet
  facet normal 0.146485 0.989213 0
    outer loop
      vertex 77.4342 -66.8443 1.5
      vertex 77.7158 -66.886 -1.5
      vertex 77.4342 -66.8443 -1.5
    endloop
  endfacet
  facet normal 0.514082 0.857741 -0
    outer loop
      vertex 76.6329 -66.5576 -1.5
      vertex 76.3888 -66.4113 1.5
      vertex 76.6329 -66.5576 1.5
    endloop
  endfacet
  facet normal 0.514082 0.857741 0
    outer loop
      vertex 76.3888 -66.4113 1.5
      vertex 76.6329 -66.5576 -1.5
      vertex 76.3888 -66.4113 -1.5
    endloop
  endfacet
  facet normal 0.740962 0.671547 0
    outer loop
      vertex 73.4745 -82.5255 1.5
      vertex 73.0527 -82.0601 -1.5
      vertex 73.0527 -82.0601 1.5
    endloop
  endfacet
  facet normal 0.740962 0.671547 0
    outer loop
      vertex 73.0527 -82.0601 -1.5
      vertex 73.4745 -82.5255 1.5
      vertex 73.4745 -82.5255 -1.5
    endloop
  endfacet
  facet normal -0.989168 -0.146791 0
    outer loop
      vertex 84.3692 -77.3727 -1.5
      vertex 84.277 -76.7514 1.5
      vertex 84.277 -76.7514 -1.5
    endloop
  endfacet
  facet normal -0.989168 -0.146791 0
    outer loop
      vertex 84.277 -76.7514 1.5
      vertex 84.3692 -77.3727 -1.5
      vertex 84.3692 -77.3727 1.5
    endloop
  endfacet
  facet normal -0.998797 -0.0490402 0
    outer loop
      vertex 84.4 -78 -1.5
      vertex 84.3692 -77.3727 1.5
      vertex 84.3692 -77.3727 -1.5
    endloop
  endfacet
  facet normal -0.998797 -0.0490402 0
    outer loop
      vertex 84.3692 -77.3727 1.5
      vertex 84.4 -78 -1.5
      vertex 84.4 -78 1.5
    endloop
  endfacet
  facet normal -0.242985 0.97003 0
    outer loop
      vertex 79.8578 -84.1244 -1.5
      vertex 79.2486 -84.277 1.5
      vertex 79.8578 -84.1244 1.5
    endloop
  endfacet
  facet normal -0.242985 0.97003 0
    outer loop
      vertex 79.2486 -84.277 1.5
      vertex 79.8578 -84.1244 -1.5
      vertex 79.2486 -84.277 -1.5
    endloop
  endfacet
  facet normal -0.671547 -0.740962 0
    outer loop
      vertex 82.0601 -73.0527 -1.5
      vertex 82.5255 -73.4745 1.5
      vertex 82.0601 -73.0527 1.5
    endloop
  endfacet
  facet normal -0.671547 -0.740962 -0
    outer loop
      vertex 82.5255 -73.4745 1.5
      vertex 82.0601 -73.0527 -1.5
      vertex 82.5255 -73.4745 -1.5
    endloop
  endfacet
  facet normal 0.514121 0.857718 -0
    outer loop
      vertex 74.9831 -83.6443 -1.5
      vertex 74.4444 -83.3214 1.5
      vertex 74.9831 -83.6443 1.5
    endloop
  endfacet
  facet normal 0.514121 0.857718 0
    outer loop
      vertex 74.4444 -83.3214 1.5
      vertex 74.9831 -83.6443 -1.5
      vertex 74.4444 -83.3214 -1.5
    endloop
  endfacet
  facet normal 0.989168 -0.146791 0
    outer loop
      vertex 71.6308 -77.3727 1.5
      vertex 71.723 -76.7514 -1.5
      vertex 71.723 -76.7514 1.5
    endloop
  endfacet
  facet normal 0.989168 -0.146791 0
    outer loop
      vertex 71.723 -76.7514 -1.5
      vertex 71.6308 -77.3727 1.5
      vertex 71.6308 -77.3727 -1.5
    endloop
  endfacet
  facet normal 0.998797 0.0490402 0
    outer loop
      vertex 71.6308 -78.6273 1.5
      vertex 71.6 -78 -1.5
      vertex 71.6 -78 1.5
    endloop
  endfacet
  facet normal 0.998797 0.0490402 0
    outer loop
      vertex 71.6 -78 -1.5
      vertex 71.6308 -78.6273 1.5
      vertex 71.6308 -78.6273 -1.5
    endloop
  endfacet
  facet normal -0.427552 -0.903991 0
    outer loop
      vertex 80.4492 -72.0872 -1.5
      vertex 81.0169 -72.3557 1.5
      vertex 80.4492 -72.0872 1.5
    endloop
  endfacet
  facet normal -0.427552 -0.903991 -0
    outer loop
      vertex 81.0169 -72.3557 1.5
      vertex 80.4492 -72.0872 -1.5
      vertex 81.0169 -72.3557 -1.5
    endloop
  endfacet
  facet normal -0.0490402 0.998797 0
    outer loop
      vertex 78.6273 -84.3692 -1.5
      vertex 78 -84.4 1.5
      vertex 78.6273 -84.3692 1.5
    endloop
  endfacet
  facet normal -0.0490402 0.998797 0
    outer loop
      vertex 78 -84.4 1.5
      vertex 78.6273 -84.3692 -1.5
      vertex 78 -84.4 -1.5
    endloop
  endfacet
  facet normal 0.857718 0.514121 0
    outer loop
      vertex 72.6786 -81.5556 1.5
      vertex 72.3557 -81.0169 -1.5
      vertex 72.3557 -81.0169 1.5
    endloop
  endfacet
  facet normal 0.857718 0.514121 0
    outer loop
      vertex 72.3557 -81.0169 -1.5
      vertex 72.6786 -81.5556 1.5
      vertex 72.6786 -81.5556 -1.5
    endloop
  endfacet
  facet normal -0.903991 -0.427552 0
    outer loop
      vertex 83.9128 -75.5508 -1.5
      vertex 83.6443 -74.9831 1.5
      vertex 83.6443 -74.9831 -1.5
    endloop
  endfacet
  facet normal -0.903991 -0.427552 0
    outer loop
      vertex 83.6443 -74.9831 1.5
      vertex 83.9128 -75.5508 -1.5
      vertex 83.9128 -75.5508 1.5
    endloop
  endfacet
  facet normal 0.0490402 -0.998797 0
    outer loop
      vertex 77.3727 -71.6308 -1.5
      vertex 78 -71.6 1.5
      vertex 77.3727 -71.6308 1.5
    endloop
  endfacet
  facet normal 0.0490402 -0.998797 0
    outer loop
      vertex 78 -71.6 1.5
      vertex 77.3727 -71.6308 -1.5
      vertex 78 -71.6 -1.5
    endloop
  endfacet
  facet normal -0.740962 -0.671547 0
    outer loop
      vertex 82.9473 -73.9399 -1.5
      vertex 82.5255 -73.4745 1.5
      vertex 82.5255 -73.4745 -1.5
    endloop
  endfacet
  facet normal -0.740962 -0.671547 0
    outer loop
      vertex 82.5255 -73.4745 1.5
      vertex 82.9473 -73.9399 -1.5
      vertex 82.9473 -73.9399 1.5
    endloop
  endfacet
  facet normal -0.941547 -0.336881 0
    outer loop
      vertex 84.1244 -76.1422 -1.5
      vertex 83.9128 -75.5508 1.5
      vertex 83.9128 -75.5508 -1.5
    endloop
  endfacet
  facet normal -0.941547 -0.336881 0
    outer loop
      vertex 83.9128 -75.5508 1.5
      vertex 84.1244 -76.1422 -1.5
      vertex 84.1244 -76.1422 1.5
    endloop
  endfacet
  facet normal -0.595635 -0.803255 0
    outer loop
      vertex 81.5556 -72.6786 -1.5
      vertex 82.0601 -73.0527 1.5
      vertex 81.5556 -72.6786 1.5
    endloop
  endfacet
  facet normal -0.595635 -0.803255 -0
    outer loop
      vertex 82.0601 -73.0527 1.5
      vertex 81.5556 -72.6786 -1.5
      vertex 82.0601 -73.0527 -1.5
    endloop
  endfacet
  facet normal -0.514121 -0.857718 0
    outer loop
      vertex 81.0169 -72.3557 -1.5
      vertex 81.5556 -72.6786 1.5
      vertex 81.0169 -72.3557 1.5
    endloop
  endfacet
  facet normal -0.514121 -0.857718 -0
    outer loop
      vertex 81.5556 -72.6786 1.5
      vertex 81.0169 -72.3557 -1.5
      vertex 81.5556 -72.6786 -1.5
    endloop
  endfacet
  facet normal 0.989168 0.146791 0
    outer loop
      vertex 71.723 -79.2486 1.5
      vertex 71.6308 -78.6273 -1.5
      vertex 71.6308 -78.6273 1.5
    endloop
  endfacet
  facet normal 0.989168 0.146791 0
    outer loop
      vertex 71.6308 -78.6273 -1.5
      vertex 71.723 -79.2486 1.5
      vertex 71.723 -79.2486 -1.5
    endloop
  endfacet
  facet normal -0.941547 0.336881 0
    outer loop
      vertex 83.9128 -80.4492 -1.5
      vertex 84.1244 -79.8578 1.5
      vertex 84.1244 -79.8578 -1.5
    endloop
  endfacet
  facet normal -0.941547 0.336881 0
    outer loop
      vertex 84.1244 -79.8578 1.5
      vertex 83.9128 -80.4492 -1.5
      vertex 83.9128 -80.4492 1.5
    endloop
  endfacet
  facet normal -0.336881 -0.941547 0
    outer loop
      vertex 79.8578 -71.8756 -1.5
      vertex 80.4492 -72.0872 1.5
      vertex 79.8578 -71.8756 1.5
    endloop
  endfacet
  facet normal -0.336881 -0.941547 -0
    outer loop
      vertex 80.4492 -72.0872 1.5
      vertex 79.8578 -71.8756 -1.5
      vertex 80.4492 -72.0872 -1.5
    endloop
  endfacet
  facet normal 0.514121 -0.857718 0
    outer loop
      vertex 74.4444 -72.6786 -1.5
      vertex 74.9831 -72.3557 1.5
      vertex 74.4444 -72.6786 1.5
    endloop
  endfacet
  facet normal 0.514121 -0.857718 0
    outer loop
      vertex 74.9831 -72.3557 1.5
      vertex 74.4444 -72.6786 -1.5
      vertex 74.9831 -72.3557 -1.5
    endloop
  endfacet
  facet normal -0.857718 -0.514121 0
    outer loop
      vertex 83.6443 -74.9831 -1.5
      vertex 83.3214 -74.4444 1.5
      vertex 83.3214 -74.4444 -1.5
    endloop
  endfacet
  facet normal -0.857718 -0.514121 0
    outer loop
      vertex 83.3214 -74.4444 1.5
      vertex 83.6443 -74.9831 -1.5
      vertex 83.6443 -74.9831 1.5
    endloop
  endfacet
  facet normal 0.671547 -0.740962 0
    outer loop
      vertex 73.4745 -73.4745 -1.5
      vertex 73.9399 -73.0527 1.5
      vertex 73.4745 -73.4745 1.5
    endloop
  endfacet
  facet normal 0.671547 -0.740962 0
    outer loop
      vertex 73.9399 -73.0527 1.5
      vertex 73.4745 -73.4745 -1.5
      vertex 73.9399 -73.0527 -1.5
    endloop
  endfacet
  facet normal 0.336881 -0.941547 0
    outer loop
      vertex 75.5508 -72.0872 -1.5
      vertex 76.1422 -71.8756 1.5
      vertex 75.5508 -72.0872 1.5
    endloop
  endfacet
  facet normal 0.336881 -0.941547 0
    outer loop
      vertex 76.1422 -71.8756 1.5
      vertex 75.5508 -72.0872 -1.5
      vertex 76.1422 -71.8756 -1.5
    endloop
  endfacet
  facet normal -0.97003 0.242985 0
    outer loop
      vertex 84.1244 -79.8578 -1.5
      vertex 84.277 -79.2486 1.5
      vertex 84.277 -79.2486 -1.5
    endloop
  endfacet
  facet normal -0.97003 0.242985 0
    outer loop
      vertex 84.277 -79.2486 1.5
      vertex 84.1244 -79.8578 -1.5
      vertex 84.1244 -79.8578 1.5
    endloop
  endfacet
  facet normal -0.998797 0.0490402 0
    outer loop
      vertex 84.3692 -78.6273 -1.5
      vertex 84.4 -78 1.5
      vertex 84.4 -78 -1.5
    endloop
  endfacet
  facet normal -0.998797 0.0490402 0
    outer loop
      vertex 84.4 -78 1.5
      vertex 84.3692 -78.6273 -1.5
      vertex 84.3692 -78.6273 1.5
    endloop
  endfacet
  facet normal 0.803255 0.595635 0
    outer loop
      vertex 73.0527 -82.0601 1.5
      vertex 72.6786 -81.5556 -1.5
      vertex 72.6786 -81.5556 1.5
    endloop
  endfacet
  facet normal 0.803255 0.595635 0
    outer loop
      vertex 72.6786 -81.5556 -1.5
      vertex 73.0527 -82.0601 1.5
      vertex 73.0527 -82.0601 -1.5
    endloop
  endfacet
  facet normal 0.671547 0.740962 -0
    outer loop
      vertex 73.9399 -82.9473 -1.5
      vertex 73.4745 -82.5255 1.5
      vertex 73.9399 -82.9473 1.5
    endloop
  endfacet
  facet normal 0.671547 0.740962 0
    outer loop
      vertex 73.4745 -82.5255 1.5
      vertex 73.9399 -82.9473 -1.5
      vertex 73.4745 -82.5255 -1.5
    endloop
  endfacet
  facet normal 0.857718 -0.514121 0
    outer loop
      vertex 72.3557 -74.9831 1.5
      vertex 72.6786 -74.4444 -1.5
      vertex 72.6786 -74.4444 1.5
    endloop
  endfacet
  facet normal 0.857718 -0.514121 0
    outer loop
      vertex 72.6786 -74.4444 -1.5
      vertex 72.3557 -74.9831 1.5
      vertex 72.3557 -74.9831 -1.5
    endloop
  endfacet
  facet normal 0.0490402 0.998797 -0
    outer loop
      vertex 78 -84.4 -1.5
      vertex 77.3727 -84.3692 1.5
      vertex 78 -84.4 1.5
    endloop
  endfacet
  facet normal 0.0490402 0.998797 0
    outer loop
      vertex 77.3727 -84.3692 1.5
      vertex 78 -84.4 -1.5
      vertex 77.3727 -84.3692 -1.5
    endloop
  endfacet
  facet normal 0.941547 0.336881 0
    outer loop
      vertex 72.0872 -80.4492 1.5
      vertex 71.8756 -79.8578 -1.5
      vertex 71.8756 -79.8578 1.5
    endloop
  endfacet
  facet normal 0.941547 0.336881 0
    outer loop
      vertex 71.8756 -79.8578 -1.5
      vertex 72.0872 -80.4492 1.5
      vertex 72.0872 -80.4492 -1.5
    endloop
  endfacet
  facet normal -0.803255 -0.595635 0
    outer loop
      vertex 83.3214 -74.4444 -1.5
      vertex 82.9473 -73.9399 1.5
      vertex 82.9473 -73.9399 -1.5
    endloop
  endfacet
  facet normal -0.803255 -0.595635 0
    outer loop
      vertex 82.9473 -73.9399 1.5
      vertex 83.3214 -74.4444 -1.5
      vertex 83.3214 -74.4444 1.5
    endloop
  endfacet
  facet normal 0.803255 -0.595635 0
    outer loop
      vertex 72.6786 -74.4444 1.5
      vertex 73.0527 -73.9399 -1.5
      vertex 73.0527 -73.9399 1.5
    endloop
  endfacet
  facet normal 0.803255 -0.595635 0
    outer loop
      vertex 73.0527 -73.9399 -1.5
      vertex 72.6786 -74.4444 1.5
      vertex 72.6786 -74.4444 -1.5
    endloop
  endfacet
  facet normal -0.0490402 -0.998797 0
    outer loop
      vertex 78 -71.6 -1.5
      vertex 78.6273 -71.6308 1.5
      vertex 78 -71.6 1.5
    endloop
  endfacet
  facet normal -0.0490402 -0.998797 -0
    outer loop
      vertex 78.6273 -71.6308 1.5
      vertex 78 -71.6 -1.5
      vertex 78.6273 -71.6308 -1.5
    endloop
  endfacet
  facet normal 0.146791 -0.989168 0
    outer loop
      vertex 76.7514 -71.723 -1.5
      vertex 77.3727 -71.6308 1.5
      vertex 76.7514 -71.723 1.5
    endloop
  endfacet
  facet normal 0.146791 -0.989168 0
    outer loop
      vertex 77.3727 -71.6308 1.5
      vertex 76.7514 -71.723 -1.5
      vertex 77.3727 -71.6308 -1.5
    endloop
  endfacet
  facet normal -0.146791 0.989168 0
    outer loop
      vertex 79.2486 -84.277 -1.5
      vertex 78.6273 -84.3692 1.5
      vertex 79.2486 -84.277 1.5
    endloop
  endfacet
  facet normal -0.146791 0.989168 0
    outer loop
      vertex 78.6273 -84.3692 1.5
      vertex 79.2486 -84.277 -1.5
      vertex 78.6273 -84.3692 -1.5
    endloop
  endfacet
  facet normal -0.740962 0.671547 0
    outer loop
      vertex 82.5255 -82.5255 -1.5
      vertex 82.9473 -82.0601 1.5
      vertex 82.9473 -82.0601 -1.5
    endloop
  endfacet
  facet normal -0.740962 0.671547 0
    outer loop
      vertex 82.9473 -82.0601 1.5
      vertex 82.5255 -82.5255 -1.5
      vertex 82.5255 -82.5255 1.5
    endloop
  endfacet
  facet normal -0.803255 0.595635 0
    outer loop
      vertex 82.9473 -82.0601 -1.5
      vertex 83.3214 -81.5556 1.5
      vertex 83.3214 -81.5556 -1.5
    endloop
  endfacet
  facet normal -0.803255 0.595635 0
    outer loop
      vertex 83.3214 -81.5556 1.5
      vertex 82.9473 -82.0601 -1.5
      vertex 82.9473 -82.0601 1.5
    endloop
  endfacet
  facet normal -0.242985 -0.97003 0
    outer loop
      vertex 79.2486 -71.723 -1.5
      vertex 79.8578 -71.8756 1.5
      vertex 79.2486 -71.723 1.5
    endloop
  endfacet
  facet normal -0.242985 -0.97003 -0
    outer loop
      vertex 79.8578 -71.8756 1.5
      vertex 79.2486 -71.723 -1.5
      vertex 79.8578 -71.8756 -1.5
    endloop
  endfacet
  facet normal 0.595635 0.803255 -0
    outer loop
      vertex 74.4444 -83.3214 -1.5
      vertex 73.9399 -82.9473 1.5
      vertex 74.4444 -83.3214 1.5
    endloop
  endfacet
  facet normal 0.595635 0.803255 0
    outer loop
      vertex 73.9399 -82.9473 1.5
      vertex 74.4444 -83.3214 -1.5
      vertex 73.9399 -82.9473 -1.5
    endloop
  endfacet
  facet normal -0.989168 0.146791 0
    outer loop
      vertex 84.277 -79.2486 -1.5
      vertex 84.3692 -78.6273 1.5
      vertex 84.3692 -78.6273 -1.5
    endloop
  endfacet
  facet normal -0.989168 0.146791 0
    outer loop
      vertex 84.3692 -78.6273 1.5
      vertex 84.277 -79.2486 -1.5
      vertex 84.277 -79.2486 1.5
    endloop
  endfacet
  facet normal 0.97003 -0.242985 0
    outer loop
      vertex 71.723 -76.7514 1.5
      vertex 71.8756 -76.1422 -1.5
      vertex 71.8756 -76.1422 1.5
    endloop
  endfacet
  facet normal 0.97003 -0.242985 0
    outer loop
      vertex 71.8756 -76.1422 -1.5
      vertex 71.723 -76.7514 1.5
      vertex 71.723 -76.7514 -1.5
    endloop
  endfacet
  facet normal 0.595635 -0.803255 0
    outer loop
      vertex 73.9399 -73.0527 -1.5
      vertex 74.4444 -72.6786 1.5
      vertex 73.9399 -73.0527 1.5
    endloop
  endfacet
  facet normal 0.595635 -0.803255 0
    outer loop
      vertex 74.4444 -72.6786 1.5
      vertex 73.9399 -73.0527 -1.5
      vertex 74.4444 -72.6786 -1.5
    endloop
  endfacet
  facet normal 0.903991 -0.427552 0
    outer loop
      vertex 72.0872 -75.5508 1.5
      vertex 72.3557 -74.9831 -1.5
      vertex 72.3557 -74.9831 1.5
    endloop
  endfacet
  facet normal 0.903991 -0.427552 0
    outer loop
      vertex 72.3557 -74.9831 -1.5
      vertex 72.0872 -75.5508 1.5
      vertex 72.0872 -75.5508 -1.5
    endloop
  endfacet
  facet normal 0.941547 -0.336881 0
    outer loop
      vertex 71.8756 -76.1422 1.5
      vertex 72.0872 -75.5508 -1.5
      vertex 72.0872 -75.5508 1.5
    endloop
  endfacet
  facet normal 0.941547 -0.336881 0
    outer loop
      vertex 72.0872 -75.5508 -1.5
      vertex 71.8756 -76.1422 1.5
      vertex 71.8756 -76.1422 -1.5
    endloop
  endfacet
  facet normal -0.97003 -0.242985 0
    outer loop
      vertex 84.277 -76.7514 -1.5
      vertex 84.1244 -76.1422 1.5
      vertex 84.1244 -76.1422 -1.5
    endloop
  endfacet
  facet normal -0.97003 -0.242985 0
    outer loop
      vertex 84.1244 -76.1422 1.5
      vertex 84.277 -76.7514 -1.5
      vertex 84.277 -76.7514 1.5
    endloop
  endfacet
  facet normal 0.998797 -0.0490402 0
    outer loop
      vertex 71.6 -78 1.5
      vertex 71.6308 -77.3727 -1.5
      vertex 71.6308 -77.3727 1.5
    endloop
  endfacet
  facet normal 0.998797 -0.0490402 0
    outer loop
      vertex 71.6308 -77.3727 -1.5
      vertex 71.6 -78 1.5
      vertex 71.6 -78 -1.5
    endloop
  endfacet
  facet normal -0.903991 0.427552 0
    outer loop
      vertex 83.6443 -81.0169 -1.5
      vertex 83.9128 -80.4492 1.5
      vertex 83.9128 -80.4492 -1.5
    endloop
  endfacet
  facet normal -0.903991 0.427552 0
    outer loop
      vertex 83.9128 -80.4492 1.5
      vertex 83.6443 -81.0169 -1.5
      vertex 83.6443 -81.0169 1.5
    endloop
  endfacet
  facet normal 0.427552 0.903991 -0
    outer loop
      vertex 75.5508 -83.9128 -1.5
      vertex 74.9831 -83.6443 1.5
      vertex 75.5508 -83.9128 1.5
    endloop
  endfacet
  facet normal 0.427552 0.903991 0
    outer loop
      vertex 74.9831 -83.6443 1.5
      vertex 75.5508 -83.9128 -1.5
      vertex 74.9831 -83.6443 -1.5
    endloop
  endfacet
  facet normal 0.242985 -0.97003 0
    outer loop
      vertex 76.1422 -71.8756 -1.5
      vertex 76.7514 -71.723 1.5
      vertex 76.1422 -71.8756 1.5
    endloop
  endfacet
  facet normal 0.242985 -0.97003 0
    outer loop
      vertex 76.7514 -71.723 1.5
      vertex 76.1422 -71.8756 -1.5
      vertex 76.7514 -71.723 -1.5
    endloop
  endfacet
  facet normal 0.97003 0.242985 0
    outer loop
      vertex 71.8756 -79.8578 1.5
      vertex 71.723 -79.2486 -1.5
      vertex 71.723 -79.2486 1.5
    endloop
  endfacet
  facet normal 0.97003 0.242985 0
    outer loop
      vertex 71.723 -79.2486 -1.5
      vertex 71.8756 -79.8578 1.5
      vertex 71.8756 -79.8578 -1.5
    endloop
  endfacet
  facet normal -0.146791 -0.989168 0
    outer loop
      vertex 78.6273 -71.6308 -1.5
      vertex 79.2486 -71.723 1.5
      vertex 78.6273 -71.6308 1.5
    endloop
  endfacet
  facet normal -0.146791 -0.989168 -0
    outer loop
      vertex 79.2486 -71.723 1.5
      vertex 78.6273 -71.6308 -1.5
      vertex 79.2486 -71.723 -1.5
    endloop
  endfacet
  facet normal -0.336881 0.941547 0
    outer loop
      vertex 80.4492 -83.9128 -1.5
      vertex 79.8578 -84.1244 1.5
      vertex 80.4492 -83.9128 1.5
    endloop
  endfacet
  facet normal -0.336881 0.941547 0
    outer loop
      vertex 79.8578 -84.1244 1.5
      vertex 80.4492 -83.9128 -1.5
      vertex 79.8578 -84.1244 -1.5
    endloop
  endfacet
  facet normal 0.242985 0.97003 -0
    outer loop
      vertex 76.7514 -84.277 -1.5
      vertex 76.1422 -84.1244 1.5
      vertex 76.7514 -84.277 1.5
    endloop
  endfacet
  facet normal 0.242985 0.97003 0
    outer loop
      vertex 76.1422 -84.1244 1.5
      vertex 76.7514 -84.277 -1.5
      vertex 76.1422 -84.1244 -1.5
    endloop
  endfacet
  facet normal 0.336881 0.941547 -0
    outer loop
      vertex 76.1422 -84.1244 -1.5
      vertex 75.5508 -83.9128 1.5
      vertex 76.1422 -84.1244 1.5
    endloop
  endfacet
  facet normal 0.336881 0.941547 0
    outer loop
      vertex 75.5508 -83.9128 1.5
      vertex 76.1422 -84.1244 -1.5
      vertex 75.5508 -83.9128 -1.5
    endloop
  endfacet
  facet normal -0.671547 0.740962 0
    outer loop
      vertex 82.5255 -82.5255 -1.5
      vertex 82.0601 -82.9473 1.5
      vertex 82.5255 -82.5255 1.5
    endloop
  endfacet
  facet normal -0.671547 0.740962 0
    outer loop
      vertex 82.0601 -82.9473 1.5
      vertex 82.5255 -82.5255 -1.5
      vertex 82.0601 -82.9473 -1.5
    endloop
  endfacet
  facet normal -0.514121 0.857718 0
    outer loop
      vertex 81.5556 -83.3214 -1.5
      vertex 81.0169 -83.6443 1.5
      vertex 81.5556 -83.3214 1.5
    endloop
  endfacet
  facet normal -0.514121 0.857718 0
    outer loop
      vertex 81.0169 -83.6443 1.5
      vertex 81.5556 -83.3214 -1.5
      vertex 81.0169 -83.6443 -1.5
    endloop
  endfacet
  facet normal -0.427552 0.903991 0
    outer loop
      vertex 81.0169 -83.6443 -1.5
      vertex 80.4492 -83.9128 1.5
      vertex 81.0169 -83.6443 1.5
    endloop
  endfacet
  facet normal -0.427552 0.903991 0
    outer loop
      vertex 80.4492 -83.9128 1.5
      vertex 81.0169 -83.6443 -1.5
      vertex 80.4492 -83.9128 -1.5
    endloop
  endfacet
  facet normal -0.857718 0.514121 0
    outer loop
      vertex 83.3214 -81.5556 -1.5
      vertex 83.6443 -81.0169 1.5
      vertex 83.6443 -81.0169 -1.5
    endloop
  endfacet
  facet normal -0.857718 0.514121 0
    outer loop
      vertex 83.6443 -81.0169 1.5
      vertex 83.3214 -81.5556 -1.5
      vertex 83.3214 -81.5556 1.5
    endloop
  endfacet
  facet normal -0.595635 0.803255 0
    outer loop
      vertex 82.0601 -82.9473 -1.5
      vertex 81.5556 -83.3214 1.5
      vertex 82.0601 -82.9473 1.5
    endloop
  endfacet
  facet normal -0.595635 0.803255 0
    outer loop
      vertex 81.5556 -83.3214 1.5
      vertex 82.0601 -82.9473 -1.5
      vertex 81.5556 -83.3214 -1.5
    endloop
  endfacet
  facet normal 0.903991 0.427552 0
    outer loop
      vertex 72.3557 -81.0169 1.5
      vertex 72.0872 -80.4492 -1.5
      vertex 72.0872 -80.4492 1.5
    endloop
  endfacet
  facet normal 0.903991 0.427552 0
    outer loop
      vertex 72.0872 -80.4492 -1.5
      vertex 72.3557 -81.0169 1.5
      vertex 72.3557 -81.0169 -1.5
    endloop
  endfacet
  facet normal 0.427552 -0.903991 0
    outer loop
      vertex 74.9831 -72.3557 -1.5
      vertex 75.5508 -72.0872 1.5
      vertex 74.9831 -72.3557 1.5
    endloop
  endfacet
  facet normal 0.427552 -0.903991 0
    outer loop
      vertex 75.5508 -72.0872 1.5
      vertex 74.9831 -72.3557 -1.5
      vertex 75.5508 -72.0872 -1.5
    endloop
  endfacet
  facet normal 0.146791 0.989168 -0
    outer loop
      vertex 77.3727 -84.3692 -1.5
      vertex 76.7514 -84.277 1.5
      vertex 77.3727 -84.3692 1.5
    endloop
  endfacet
  facet normal 0.146791 0.989168 0
    outer loop
      vertex 76.7514 -84.277 1.5
      vertex 77.3727 -84.3692 -1.5
      vertex 76.7514 -84.277 -1.5
    endloop
  endfacet
  facet normal 0.740962 -0.671547 0
    outer loop
      vertex 73.0527 -73.9399 1.5
      vertex 73.4745 -73.4745 -1.5
      vertex 73.4745 -73.4745 1.5
    endloop
  endfacet
  facet normal 0.740962 -0.671547 0
    outer loop
      vertex 73.4745 -73.4745 -1.5
      vertex 73.0527 -73.9399 1.5
      vertex 73.0527 -73.9399 -1.5
    endloop
  endfacet
endsolid OpenSCAD_Model
